month,ipi_category,n_records,median_price,average_price,p25,p75,base_price,price_index,1mo_pct_change,12mo_pct_change
2025-06,AI Development & Automation,80,114.345,120.100625,94.5275,141.495,114.345,100.0,,
2025-07,AI Development & Automation,80,116.86,122.26775,94.215,134.555,114.345,102.19948401766584,2.1994840176658315,
2025-08,AI Development & Automation,80,105.025,110.61475,76.7525,137.2575,114.345,91.84922821286459,-10.127502995036785,
2025-09,AI Development & Automation,80,120.175,122.584375,89.11,143.0325,114.345,105.09860509860509,14.425136872173262,
2025-10,AI Development & Automation,80,114.095,120.593375,95.0875,139.53,114.345,99.78136341772705,-5.0592885375494,
2025-11,AI Development & Automation,80,115.06,118.647875,90.49249999999999,137.665,114.345,100.62530062530061,0.8457864060651188,
2025-12,AI Development & Automation,80,115.545,121.032125,93.6725,143.0875,114.345,101.04945559491014,0.4215192073700802,
2026-01,AI Development & Automation,80,114.655,114.75375,91.695,132.76,114.345,100.27110936201846,-0.7702626682244973,
2026-02,AI Development & Automation,80,103.91499999999999,111.1395,82.1725,135.745,114.345,90.8784817875727,-9.36723213117615,
2026-03,AI Development & Automation,80,98.66,106.43199999999999,83.19500000000001,128.1825,114.345,86.28274082819537,-5.057017754895831,
2026-04,AI Development & Automation,80,102.79499999999999,106.10162499999998,83.5625,123.535,114.345,89.8989898989899,4.1911615649706135,
2026-05,AI Development & Automation,80,99.515,104.83275,77.8375,119.6375,114.345,87.03047793956885,-3.1908166739627375,
2026-06,AI Development & Automation,80,95.06,96.694875,67.9675,118.13250000000001,114.345,83.13437404346496,-4.476712053459275,-16.865625956535048
2025-06,Animation & Motion Graphics,80,54.995000000000005,57.541,41.3825,68.185,54.995000000000005,100.0,,
2025-07,Animation & Motion Graphics,80,51.515,55.705875000000006,41.0925,64.3875,54.995000000000005,93.67215201381943,-6.3278479861805685,
2025-08,Animation & Motion Graphics,80,56.195,60.00337499999999,45.105000000000004,74.8325,54.995000000000005,102.18201654695879,9.084732602154698,
2025-09,Animation & Motion Graphics,80,54.25,57.815374999999996,41.9125,69.14750000000001,54.995000000000005,98.64533139376306,-3.461162025091191,
2025-10,Animation & Motion Graphics,80,49.705,55.139874999999996,39.2975,63.7525,54.995000000000005,90.38094372215654,-8.377880184331799,
2025-11,Animation & Motion Graphics,80,50.415,56.737874999999995,41.824999999999996,70.455,54.995000000000005,91.67197017910719,1.4284277235690812,
2025-12,Animation & Motion Graphics,80,54.89,59.527625,43.894999999999996,72.455,54.995000000000005,99.80907355214109,8.87632649013188,
2026-01,Animation & Motion Graphics,80,60.1,62.518875,45.905,73.82499999999999,54.995000000000005,109.28266206018729,9.491710694115518,
2026-02,Animation & Motion Graphics,80,56.81,62.801750000000006,43.2925,75.94500000000001,54.995000000000005,103.3003000272752,-5.474209650582374,
2026-03,Animation & Motion Graphics,80,56.82,60.111625000000004,45.1425,72.645,54.995000000000005,103.31848349849986,0.0176025347650155,
2026-04,Animation & Motion Graphics,80,50.935,55.743125,42.29,66.435,54.995000000000005,92.61751068278934,-10.357268567405843,
2026-05,Animation & Motion Graphics,80,57.54,61.557125,44.3275,73.315,54.995000000000005,104.62769342667515,12.967507607735351,
2026-06,Animation & Motion Graphics,80,56.269999999999996,60.191250000000004,46.515,69.5325,54.995000000000005,102.31839258114373,-2.2071602363573306,2.3183925811437245
2025-06,Audio Production & Voice Work,80,176.345,186.35674999999998,135.39249999999998,214.85999999999999,176.345,100.0,,
2025-07,Audio Production & Voice Work,80,180.005,189.764,128.8275,236.14000000000001,176.345,102.07547704783238,2.0754770478323747,
2025-08,Audio Production & Voice Work,80,172.93,187.856625,139.2475,212.79000000000002,176.345,98.06345515892144,-3.930446376489538,
2025-09,Audio Production & Voice Work,80,183.355,193.29075,141.795,232.81,176.345,103.9751623238538,6.028450818250142,
2025-10,Audio Production & Voice Work,80,179.265,185.2525,140.7875,216.73250000000002,176.345,101.6558450764127,-2.2306454691718214,
2025-11,Audio Production & Voice Work,80,172.10000000000002,183.63225,142.785,213.61,176.345,97.59278686665344,-3.9968761330990255,
2025-12,Audio Production & Voice Work,80,199.8,197.476875,166.825,230.715,176.345,113.30063228330829,16.095293434049964,
2026-01,Audio Production & Voice Work,80,190.135,201.97175,153.3025,245.705,176.345,107.81989849442853,-4.837337337337344,
2026-02,Audio Production & Voice Work,80,187.16500000000002,188.51775,149.275,222.945,176.345,106.13569990643343,-1.5620480185131402,
2026-03,Audio Production & Voice Work,80,178.76,184.01575,139.755,208.06,176.345,101.36947460943037,-4.490690032858735,
2026-04,Audio Production & Voice Work,80,173.60000000000002,183.86225,143.6375,217.71499999999997,176.345,98.44339221412574,-2.8865518012978097,
2026-05,Audio Production & Voice Work,80,187.57999999999998,196.7955,143.0875,232.5775,176.345,106.37103405256741,8.052995391705053,
2026-06,Audio Production & Voice Work,80,176.695,188.79325,143.10750000000002,237.6325,176.345,100.19847458107687,-5.802857447489074,0.19847458107686844
2025-06,Branding & Visual Identity,80,168.875,170.95237500000002,133.6925,200.6875,168.875,100.0,,
2025-07,Branding & Visual Identity,80,165.885,170.955375,136.62,191.19,168.875,98.22945965951146,-1.7705403404885356,
2025-08,Branding & Visual Identity,80,149.32,165.873875,127.94749999999999,198.8325,168.875,88.42042931162102,-9.985833559393543,
2025-09,Branding & Visual Identity,80,155.74,161.793125,121.84,192.1325,168.875,92.2220577350111,4.299491025984459,
2025-10,Branding & Visual Identity,80,155.88,159.246375,123.2025,189.9925,168.875,92.30495928941525,0.08989341209708623,
2025-11,Branding & Visual Identity,80,163.06,183.92325,136.6975,221.0325,168.875,96.55662472242783,4.606107261996395,
2025-12,Branding & Visual Identity,80,163.85500000000002,179.93375,123.7125,219.4725,168.875,97.02738712065138,0.4875505948730652,
2026-01,Branding & Visual Identity,80,165.67000000000002,181.893125,132.7375,218.1275,168.875,98.10214655810512,1.107686674193653,
2026-02,Branding & Visual Identity,80,161.70499999999998,185.264,130.47500000000002,231.035,168.875,95.7542561065877,-2.3933120057946677,
2026-03,Branding & Visual Identity,80,155.45999999999998,178.083125,129.57999999999998,216.935,168.875,92.0562546262028,-3.8619708728858115,
2026-04,Branding & Visual Identity,80,172.155,187.032125,134.89000000000001,222.3525,168.875,101.94226498889711,10.739096873793908,
2026-05,Branding & Visual Identity,80,185.72,201.5035,143.2475,229.815,168.875,109.97483345669875,7.879527170282596,
2026-06,Branding & Visual Identity,80,180.51,183.809375,131.3175,213.03,168.875,106.88971132494447,-2.805298298513914,6.88971132494447
2025-06,"Cloud, DevOps & Cybersecurity",80,77.735,79.62212500000001,62.7475,92.925,77.735,100.0,,
2025-07,"Cloud, DevOps & Cybersecurity",80,72.58000000000001,79.94,57.365,93.09,77.735,93.3684955296842,-6.631504470315807,
2025-08,"Cloud, DevOps & Cybersecurity",80,66.57,75.2285,53.587500000000006,91.84,77.735,85.63710040522287,-8.280518049049345,
2025-09,"Cloud, DevOps & Cybersecurity",80,72.295,78.420125,56.552499999999995,95.4425,77.735,93.00186531163568,8.599969956436837,
2025-10,"Cloud, DevOps & Cybersecurity",80,73.93,82.019375,60.477500000000006,100.4375,77.735,95.10516498359813,2.2615671899854917,
2025-11,"Cloud, DevOps & Cybersecurity",80,74.28999999999999,80.55275,56.565,99.285,77.735,95.56827683797516,0.48694711213308484,
2025-12,"Cloud, DevOps & Cybersecurity",80,78.96000000000001,81.917125,62.465,98.99000000000001,77.735,101.57586672669969,6.286175797550153,
2026-01,"Cloud, DevOps & Cybersecurity",80,73.5,78.262625,58.917500000000004,92.5025,77.735,94.5520036019811,-6.914893617021267,
2026-02,"Cloud, DevOps & Cybersecurity",80,78.94,80.793375,58.75,92.48750000000001,77.735,101.5501382903454,7.401360544217672,
2026-03,"Cloud, DevOps & Cybersecurity",80,77.355,82.172,64.7625,91.9275,77.735,99.51115970926867,-2.007854066379522,
2026-04,"Cloud, DevOps & Cybersecurity",80,77.545,82.6095,61.315000000000005,99.0475,77.735,99.75557985463433,0.24562083898906906,
2026-05,"Cloud, DevOps & Cybersecurity",80,77.47999999999999,80.541625,61.695,97.2325,77.735,99.67196243648291,-0.08382229673093988,
2026-06,"Cloud, DevOps & Cybersecurity",80,77.67,81.38275,65.405,94.92999999999999,77.735,99.9163825818486,0.24522457408364673,-0.08361741815140489
2025-06,Consulting & Legal Services,80,88.765,92.777875,75.5525,107.8475,88.765,100.0,,
2025-07,Consulting & Legal Services,80,96.14500000000001,94.99625,71.52250000000001,114.86749999999999,88.765,108.31408775981527,8.314087759815258,
2025-08,Consulting & Legal Services,80,87.325,91.95637500000001,69.62,107.025,88.765,98.37773897369459,-9.173643975245739,
2025-09,Consulting & Legal Services,80,83.89500000000001,89.48675,66.055,102.48,88.765,94.51360333464768,-3.927855711422834,
2025-10,Consulting & Legal Services,80,88.01499999999999,96.951625,76.115,123.2,88.765,99.15507238213259,4.910900530424911,
2025-11,Consulting & Legal Services,80,95.875,95.23575,68.0125,114.9225,88.765,108.00991381738298,8.930295972277458,
2025-12,Consulting & Legal Services,80,96.57,97.895375,74.125,111.1625,88.765,108.79288007660676,0.7249022164276253,
2026-01,Consulting & Legal Services,80,90.215,93.651625,67.685,120.4325,88.765,101.63352672787698,-6.580718649684158,
2026-02,Consulting & Legal Services,80,92.36000000000001,103.16137499999999,77.89250000000001,130.5225,88.765,104.05001971497776,2.3776533835836666,
2026-03,Consulting & Legal Services,80,87.695,91.441625,69.3025,105.3725,88.765,98.7945699318425,-5.050887830229556,
2026-04,Consulting & Legal Services,80,90.215,95.65912499999999,71.2025,112.795,88.765,101.63352672787698,2.873595986088162,
2026-05,Consulting & Legal Services,80,92.495,96.40187499999999,71.11749999999999,116.355,88.765,104.2021066861939,2.527295904228799,
2026-06,Consulting & Legal Services,80,92.16499999999999,95.748375,76.21,110.77250000000001,88.765,103.83033853433221,-0.35677604194823687,3.8303385343322116
2025-06,Content Writing,80,95.525,101.784625,77.18,121.30499999999999,95.525,100.0,,
2025-07,Content Writing,80,105.11000000000001,107.37525000000001,81.5125,129.36249999999998,95.525,110.03402250719707,10.034022507197072,
2025-08,Content Writing,80,94.545,100.61075,76.4025,123.5175,95.525,98.97409055221146,-10.05137475026162,
2025-09,Content Writing,80,91.815,99.741625,68.2175,120.2225,95.525,96.11619994765768,-2.887513882278281,
2025-10,Content Writing,80,92.145,95.836,65.6075,112.83250000000001,95.525,96.46165925150483,0.3594183956869612,
2025-11,Content Writing,80,94.065,100.23825,77.025,119.0325,95.525,98.47160429207013,2.0836724727332,
2025-12,Content Writing,80,96.35499999999999,103.30525,76.13499999999999,122.1,95.525,100.86888249149435,2.43448679104874,
2026-01,Content Writing,80,93.155,102.213375,71.36500000000001,118.57,95.525,97.5189740905522,-3.32105235846607,
2026-02,Content Writing,80,97.445,99.13175,67.0575,124.37,95.525,102.00994504056528,4.605227846063009,
2026-03,Content Writing,80,83.75,88.59450000000001,65.8025,106.7725,95.525,87.67338393090813,-14.054081789727535,
2026-04,Content Writing,80,84.515,93.72725,70.3475,108.86500000000001,95.525,88.47422140800838,0.9134328358209043,
2026-05,Content Writing,80,89.47,93.237875,66.89,112.2425,95.525,93.66134519759225,5.862864580252025,
2026-06,Content Writing,80,81.03,89.857625,66.9875,110.785,95.525,84.8259617901073,-9.433329607689734,-15.174038209892704
2025-06,Data Analytics & Business Intelligence,80,84.55000000000001,95.813625,71.01,114.1525,84.55000000000001,100.0,,
2025-07,Data Analytics & Business Intelligence,80,85.47,94.16312500000001,73.00999999999999,115.03,84.55000000000001,101.08811354228267,1.0881135422826649,
2025-08,Data Analytics & Business Intelligence,80,84.575,95.959625,70.85499999999999,118.4025,84.55000000000001,100.02956830277941,-1.0471510471510515,
2025-09,Data Analytics & Business Intelligence,80,89.13499999999999,97.35062500000001,74.895,110.9825,84.55000000000001,105.42282672974568,5.3916642033697615,
2025-10,Data Analytics & Business Intelligence,80,80.845,81.97274999999999,66.2875,95.44749999999999,84.55000000000001,95.61797752808987,-9.300499242721704,
2025-11,Data Analytics & Business Intelligence,80,88.795,96.250125,73.58000000000001,111.32749999999999,84.55000000000001,105.02069781194558,9.83363225926157,
2025-12,Data Analytics & Business Intelligence,80,76.16499999999999,84.303875,59.9,103.9425,84.55000000000001,90.08279124778235,-14.223773861140842,
2026-01,Data Analytics & Business Intelligence,80,85.48,91.00037499999999,69.52250000000001,110.175,84.55000000000001,101.09994086339442,12.230026915249791,
2026-02,Data Analytics & Business Intelligence,80,83.31,92.65599999999999,69.065,107.17,84.55000000000001,98.53341218214074,-2.5386055217594627,
2026-03,Data Analytics & Business Intelligence,80,75.775,82.525375,60.4275,99.08500000000001,84.55000000000001,89.6215257244234,-9.04453246909135,
2026-04,Data Analytics & Business Intelligence,80,81.36500000000001,83.0735,61.8025,97.5075,84.55000000000001,96.23299822590184,7.377103266248786,
2026-05,Data Analytics & Business Intelligence,80,80.61,84.557,57.3,105.96,84.55000000000001,95.34003548196333,-0.9279174092054476,
2026-06,Data Analytics & Business Intelligence,80,72.11,78.07175,62.15,93.3475,84.55000000000001,85.28681253696037,-10.544597444485792,-14.713187463039635
2025-06,Finance & Accounting,80,101.255,105.33324999999999,83.4325,119.675,101.255,100.0,,
2025-07,Finance & Accounting,80,95.05000000000001,103.50675000000001,72.3925,127.2975,101.255,93.8719075601205,-6.128092439879495,
2025-08,Finance & Accounting,80,106.07499999999999,110.09537499999999,84.0375,127.54249999999999,101.255,104.76025875265418,11.599158337716965,
2025-09,Finance & Accounting,80,112.815,117.230125,89.655,140.6275,101.255,111.4167201619673,6.353994814989394,
2025-10,Finance & Accounting,80,107.78,112.788125,84.97,136.0025,101.255,106.44412621598933,-4.463058990382485,
2025-11,Finance & Accounting,80,109.38,114.36600000000001,88.8275,131.9875,101.255,108.02429509653844,1.4845054741139396,
2025-12,Finance & Accounting,80,104.15,105.405875,82.6075,123.27250000000001,101.255,102.85911806824355,-4.781495703053573,
2026-01,Finance & Accounting,80,111.12,118.2535,95.1775,130.35,101.255,109.7427287541356,6.692270763322128,
2026-02,Finance & Accounting,80,113.495,120.31275000000001,89.02250000000001,146.0,101.255,112.08829193620069,2.1373290136789125,
2026-03,Finance & Accounting,80,102.19,113.055625,82.71000000000001,135.695,101.255,100.92341118957088,-9.960791224283017,
2026-04,Finance & Accounting,80,114.005,118.506875,83.595,146.5875,101.255,112.5919707668757,11.561796653292888,
2026-05,Finance & Accounting,80,114.60499999999999,115.943625,90.09,132.755,101.255,113.18453409708162,0.5262927064602518,
2026-06,Finance & Accounting,80,112.68,118.856,85.9275,143.95749999999998,101.255,111.28339341267099,-1.6796823873303834,11.283393412670994
2025-06,Graphic Design,80,56.89,61.756125,44.8775,73.8525,56.89,100.0,,
2025-07,Graphic Design,80,53.025,56.7895,39.675000000000004,68.67,56.89,93.20618737915275,-6.79381262084725,
2025-08,Graphic Design,80,56.635000000000005,59.948375,43.3125,68.985,56.89,99.55176656705925,6.808109382366823,
2025-09,Graphic Design,80,55.96,61.500125000000004,42.88,73.1675,56.89,98.36526630339252,-1.191842500220719,
2025-10,Graphic Design,80,52.39,55.83775000000001,40.94,64.82499999999999,56.89,92.08999824222182,-6.379556826304511,
2025-11,Graphic Design,80,53.644999999999996,57.064,43.0775,68.5575,56.89,94.29600984355774,2.395495323535024,
2025-12,Graphic Design,80,56.925,58.471124999999994,41.6275,69.8275,56.89,100.06152223589382,6.114269736228906,
2026-01,Graphic Design,80,53.879999999999995,56.14087500000001,43.155,66.3675,56.89,94.70908771313059,-5.349143610013185,
2026-02,Graphic Design,80,49.83,53.52,39.762499999999996,64.9575,56.89,87.59008613113025,-7.516703786191526,
2026-03,Graphic Design,80,54.215,55.4365,44.0725,63.81,56.89,95.29794339954299,8.799919727072059,
2026-04,Graphic Design,80,52.665,55.047625000000004,37.595,68.345,56.89,92.57338723853049,-2.85898736512038,
2026-05,Graphic Design,80,49.41,51.928375,38.9575,61.5125,56.89,86.85181930040429,-6.180575334662475,
2026-06,Graphic Design,80,49.8,53.823875,40.45,65.9,56.89,87.53735278607839,0.7893139040680008,-12.462647213921619
2025-06,Mobile App Development,80,82.73,84.72225,61.2525,100.2025,82.73,100.0,,
2025-07,Mobile App Development,80,73.42,76.282875,56.915,90.7025,82.73,88.74652483984045,-11.253475160159553,
2025-08,Mobile App Development,80,75.09,80.52175,61.722500000000004,92.79249999999999,82.73,90.76513961078206,2.274584581857786,
2025-09,Mobile App Development,80,77.725,84.75862500000001,60.4325,97.6675,82.73,93.95019944397436,3.5091223864695653,
2025-10,Mobile App Development,80,78.995,82.01637500000001,57.9225,99.7025,82.73,95.48531367097787,1.6339659054358524,
2025-11,Mobile App Development,80,83.46000000000001,89.849125,66.235,111.555,82.73,100.88238849268707,5.652256471928618,
2025-12,Mobile App Development,80,79.82499999999999,82.900375,59.902499999999996,100.45,82.73,96.48857729964945,-4.355379822669569,
2026-01,Mobile App Development,80,85.695,90.178375,70.14999999999999,105.61,82.73,103.58394778194125,7.353585969307863,
2026-02,Mobile App Development,80,82.235,83.426125,66.35,99.99000000000001,82.73,99.40166807687658,-4.037575121068915,
2026-03,Mobile App Development,80,81.94,85.18525,62.7225,97.885,82.73,99.04508642572222,-0.3587280355079936,
2026-04,Mobile App Development,80,77.24,87.794875,62.63,104.725,82.73,93.3639550344494,-5.73590432023432,
2026-05,Mobile App Development,80,84.88,90.939375,70.50750000000001,108.1775,82.73,102.59881542366733,9.891248058001034,
2026-06,Mobile App Development,80,82.18,83.075625,61.129999999999995,96.7125,82.73,99.33518675208511,-3.1809613572101547,-0.6648132479148972
2025-06,Paid Advertising (PPC),80,66.69999999999999,71.448625,52.9225,84.2625,66.69999999999999,100.0,,
2025-07,Paid Advertising (PPC),80,70.195,76.7085,57.3425,87.77,66.69999999999999,105.23988005997002,5.239880059970026,
2025-08,Paid Advertising (PPC),80,76.47,80.542625,60.1775,97.43,66.69999999999999,114.64767616191907,8.9393831469478,
2025-09,Paid Advertising (PPC),80,71.16499999999999,77.7895,53.067499999999995,95.5825,66.69999999999999,106.69415292353823,-6.937361056623537,
2025-10,Paid Advertising (PPC),80,72.485,76.48525,60.6075,92.545,66.69999999999999,108.67316341829087,1.8548443757465227,
2025-11,Paid Advertising (PPC),80,74.41,78.721,56.6125,96.5975,66.69999999999999,111.5592203898051,2.655721873491057,
2025-12,Paid Advertising (PPC),80,69.945,77.633875,54.825,91.1475,66.69999999999999,104.86506746626686,-6.000537562155628,
2026-01,Paid Advertising (PPC),80,68.505,74.47162499999999,56.8775,88.205,66.69999999999999,102.70614692653675,-2.058760454642916,
2026-02,Paid Advertising (PPC),80,73.515,79.801625,59.400000000000006,94.57499999999999,66.69999999999999,110.21739130434784,7.313334793080806,
2026-03,Paid Advertising (PPC),80,68.43,73.92937500000001,55.0625,87.78999999999999,66.69999999999999,102.59370314842582,-6.9169557233217605,
2026-04,Paid Advertising (PPC),80,68.5,75.963,59.065,88.4325,66.69999999999999,102.69865067466269,0.102294315358753,
2026-05,Paid Advertising (PPC),80,71.225,76.98275,60.875,92.985,66.69999999999999,106.78410794602699,3.9781021897810076,
2026-06,Paid Advertising (PPC),80,74.775,80.53825,58.04,94.475,66.69999999999999,112.10644677661172,4.9842049842049985,12.106446776611723
2025-06,SEO,80,136.29500000000002,144.39625,110.7675,175.60750000000002,136.29500000000002,100.0,,
2025-07,SEO,80,139.03500000000003,135.18225,101.2175,158.355,136.29500000000002,102.01034520708758,2.0103452070875827,
2025-08,SEO,80,116.685,132.34437499999999,98.83500000000001,153.11,136.29500000000002,85.61209141934772,-16.075089006365328,
2025-09,SEO,80,120.255,131.673875,88.8975,169.4875,136.29500000000002,88.23140980960416,3.0595192184085462,
2025-10,SEO,80,122.81,133.305125,105.7175,150.535,136.29500000000002,90.10602003008181,2.1246517816307042,
2025-11,SEO,80,115.655,126.152125,92.0925,153.16000000000003,136.29500000000002,84.85637771011409,-5.82607279537497,
2025-12,SEO,80,125.22,131.645,103.17,152.045,136.29500000000002,91.87424336916247,8.270286628334267,
2026-01,SEO,80,115.98,124.32950000000001,92.795,150.035,136.29500000000002,85.09483106496936,-7.379012937230478,
2026-02,SEO,80,113.09,119.43675,87.2225,139.485,136.29500000000002,82.9744304633332,-2.4918089325745685,
2026-03,SEO,80,119.805,125.26500000000001,97.36,140.035,136.29500000000002,87.90124362595839,5.93774869572905,
2026-04,SEO,80,122.43,132.588,97.3575,161.0525,136.29500000000002,89.82721303055871,2.1910604732690686,
2026-05,SEO,80,104.96,110.92225,85.545,132.4825,136.29500000000002,77.00942807879964,-14.269378420321832,
2026-06,SEO,80,119.33,122.01525,86.4675,148.5725,136.29500000000002,87.55273487655451,13.690929878048784,-12.447265123445494
2025-06,Social Media Management,80,70.46000000000001,75.65375,60.2475,85.965,70.46000000000001,100.0,,
2025-07,Social Media Management,80,65.475,73.57875,55.807500000000005,85.1075,70.46000000000001,92.92506386602327,-7.074936133976739,
2025-08,Social Media Management,80,70.255,72.42175,53.019999999999996,83.4025,70.46000000000001,99.7090547828555,7.300496372661325,
2025-09,Social Media Management,80,70.36,78.767625,60.662499999999994,95.7775,70.46000000000001,99.85807550383194,0.1494555547647769,
2025-10,Social Media Management,80,69.27,76.038375,55.5175,89.4775,70.46000000000001,98.31109849560032,-1.5491756679931745,
2025-11,Social Media Management,80,70.00999999999999,73.290625,55.82,89.55250000000001,70.46000000000001,99.3613397672438,1.068283528222902,
2025-12,Social Media Management,80,72.33500000000001,75.874,56.462500000000006,91.345,70.46000000000001,102.66108430315073,3.3209541494072514,
2026-01,Social Media Management,80,70.565,72.923625,53.8925,87.92750000000001,70.46000000000001,100.14902072097642,-2.4469482269994014,
2026-02,Social Media Management,80,72.03,76.57275,58.22,87.8725,70.46000000000001,102.22821458983819,2.0761000495996607,
2026-03,Social Media Management,80,68.67,78.842,57.177499999999995,95.125,70.46000000000001,97.45955151859211,-4.664723032069951,
2026-04,Social Media Management,80,66.03999999999999,72.79375,53.6675,83.67,70.46000000000001,93.72693726937267,-3.8299111693607335,
2026-05,Social Media Management,80,74.80000000000001,78.19325,59.865,97.9325,70.46000000000001,106.15952313369289,13.264688067837715,
2026-06,Social Media Management,80,73.88,75.874125,56.655,93.38749999999999,70.46000000000001,104.85381776894691,-1.229946524064185,4.853817768946911
2025-06,Software Engineering,80,75.52000000000001,81.399625,63.285,94.41499999999999,75.52000000000001,100.0,,
2025-07,Software Engineering,80,70.325,75.208875,58.355000000000004,84.6125,75.52000000000001,93.12102754237287,-6.87897245762713,
2025-08,Software Engineering,80,75.93,82.043125,58.1275,99.46,75.52000000000001,100.54290254237289,7.970138642019209,
2025-09,Software Engineering,80,79.24000000000001,80.280125,64.31,94.1625,75.52000000000001,104.92584745762711,4.35927828262872,
2025-10,Software Engineering,80,71.135,76.201375,57.595,86.465,75.52000000000001,94.1935911016949,-10.228419989904092,
2025-11,Software Engineering,80,76.33000000000001,79.5915,57.712500000000006,96.7675,75.52000000000001,101.07256355932203,7.303015393266343,
2025-12,Software Engineering,80,78.35,79.04325,55.1875,93.30499999999999,75.52000000000001,103.74735169491522,2.646403773090489,
2026-01,Software Engineering,80,82.61,87.705375,62.415000000000006,111.89750000000001,75.52000000000001,109.38824152542372,5.437141033822623,
2026-02,Software Engineering,80,80.045,85.976125,61.94,100.5625,75.52000000000001,105.99179025423729,-3.104950974458298,
2026-03,Software Engineering,80,72.05,75.82424999999999,57.2725,88.3,75.52000000000001,95.40519067796609,-9.9881316759323,
2026-04,Software Engineering,80,77.35499999999999,82.36075,60.9425,99.78999999999999,75.52000000000001,102.42981991525421,7.362942401110328,
2026-05,Software Engineering,80,81.515,82.341375,64.5825,94.9875,75.52000000000001,107.93829449152541,5.37780363260294,
2026-06,Software Engineering,80,78.38,83.828,61.692499999999995,100.08250000000001,75.52000000000001,103.78707627118642,-3.845917929215492,3.787076271186418
2025-06,Technical Writing,80,179.14,187.02437500000002,133.0875,211.45999999999998,179.14,100.0,,
2025-07,Technical Writing,80,161.67000000000002,169.77325000000002,133.8975,198.0475,179.14,90.24785084291616,-9.752149157083833,
2025-08,Technical Writing,80,161.72500000000002,173.30337500000002,131.0875,214.6275,179.14,90.2785530869711,0.03401991711511343,
2025-09,Technical Writing,80,158.575,175.249875,123.7175,195.2275,179.14,88.52015183655242,-1.947750811562854,
2025-10,Technical Writing,80,172.485,185.987375,148.35000000000002,223.25,179.14,96.28502846935359,8.771874507330924,
2025-11,Technical Writing,80,158.925,170.31062500000002,129.495,199.665,179.14,88.71552975326563,-7.8615531785372506,
2025-12,Technical Writing,80,161.37,161.755625,115.8725,199.17249999999999,179.14,90.08038405716201,1.5384615384615108,
2026-01,Technical Writing,80,157.22,166.9445,122.42,207.07,179.14,87.76376018756281,-2.5717295655945938,
2026-02,Technical Writing,80,165.08,176.12925,127.3325,208.35,179.14,92.15138997432177,4.99936394860705,
2026-03,Technical Writing,80,162.79500000000002,170.81937499999998,121.0775,204.4425,179.14,90.87585128949426,-1.384177368548578,
2026-04,Technical Writing,80,162.45499999999998,173.134375,131.8275,205.9625,179.14,90.68605559897287,-0.20885162320711803,
2026-05,Technical Writing,80,149.5,155.666625,114.71000000000001,181.98499999999999,179.14,83.45428156748912,-7.974516019820865,
2026-06,Technical Writing,80,142.875,152.49212500000002,109.0675,179.0275,179.14,79.75605671541811,-4.431438127090304,-20.24394328458189
2025-06,Translation & Localization,80,151.54000000000002,164.111125,122.92750000000001,195.505,151.54000000000002,100.0,,
2025-07,Translation & Localization,80,143.88,146.427,105.78,180.135,151.54000000000002,94.94522898244686,-5.054771017553139,
2025-08,Translation & Localization,80,137.885,151.601125,116.33500000000001,173.97,151.54000000000002,90.9891777748449,-4.166666666666674,
2025-09,Translation & Localization,80,140.45,149.514625,114.9425,167.1375,151.54000000000002,92.68180018476968,1.8602458570547986,
2025-10,Translation & Localization,80,132.22000000000003,140.2745,98.4725,173.9525,151.54000000000002,87.25089085389996,-5.859736561053741,
2025-11,Translation & Localization,80,140.805,150.06225,110.52,180.75,151.54000000000002,92.9160617658704,6.492966268340639,
2025-12,Translation & Localization,80,132.64,142.77362499999998,110.37,166.97250000000003,151.54000000000002,87.52804540055429,-5.798799758531326,
2026-01,Translation & Localization,80,133.86,139.286875,105.7175,169.7,151.54000000000002,88.33311336940741,0.9197828709288425,
2026-02,Translation & Localization,80,131.25,141.59375,109.56,170.97500000000002,151.54000000000002,86.61079582948396,-1.9497982967279226,
2026-03,Translation & Localization,80,115.79,121.77475,90.5875,141.5275,151.54000000000002,76.40886894549294,-11.779047619047612,
2026-04,Translation & Localization,80,130.39,135.418625,102.845,166.61,151.54000000000002,86.04328890062027,12.609033595301788,
2026-05,Translation & Localization,80,124.34,128.78225,102.80000000000001,152.0375,151.54000000000002,82.05094364524217,-4.63992637472197,
2026-06,Translation & Localization,80,116.845,124.9565,91.72749999999999,152.7625,151.54000000000002,77.10505477101755,-6.027826926170176,-22.894945228982454
2025-06,UI/UX Design,80,128.435,136.651875,102.07,161.66000000000003,128.435,100.0,,
2025-07,UI/UX Design,80,120.85,131.53050000000002,94.66,162.9,128.435,94.0942889399307,-5.905711060069296,
2025-08,UI/UX Design,80,122.72999999999999,126.35074999999999,96.3725,159.165,128.435,95.55806439054774,1.5556474968969614,
2025-09,UI/UX Design,80,128.615,134.494875,97.77,159.28750000000002,128.435,100.14014871335695,4.795078627882354,
2025-10,UI/UX Design,80,132.335,141.6195,103.52250000000001,170.5875,128.435,103.03655545606728,2.8923531469890795,
2025-11,UI/UX Design,80,138.54000000000002,139.919,101.855,176.2475,128.435,107.86779304706661,4.688857822949322,
2025-12,UI/UX Design,80,132.245,140.42837500000002,102.8175,167.60500000000002,128.435,102.9664810993888,-4.5438140609210365,
2026-01,UI/UX Design,80,138.07999999999998,144.467625,104.47999999999999,164.48250000000002,128.435,107.50963522404327,4.41226511399293,
2026-02,UI/UX Design,80,132.125,138.69287500000002,105.48750000000001,162.105,128.435,102.8730486238175,-4.312717265353394,
2026-03,UI/UX Design,80,138.765,145.879375,104.37,178.815,128.435,108.04297893876279,5.025543992431403,
2026-04,UI/UX Design,80,133.13,142.105,102.59,172.65249999999997,128.435,103.65554560672715,-4.060822253450058,
2026-05,UI/UX Design,80,145.185,151.790875,109.415,186.92249999999999,128.435,113.0416163818274,9.055058964921514,
2026-06,UI/UX Design,80,141.995,149.152375,111.6725,178.865,128.435,110.55786973955696,-2.1971966800978238,10.557869739556969
2025-06,Video Editing,80,144.935,150.863,115.46000000000001,185.7825,144.935,100.0,,
2025-07,Video Editing,80,142.625,151.7165,108.3875,179.2925,144.935,98.4061820816228,-1.5938179183771939,
2025-08,Video Editing,80,138.46499999999997,144.616625,113.88250000000001,178.6175,144.935,95.53592989961015,-2.9167397020158026,
2025-09,Video Editing,80,148.755,163.07375,110.88000000000001,199.675,144.935,102.63566426329042,7.43148087964467,
2025-10,Video Editing,80,142.095,148.996875,113.74,177.8175,144.935,98.04050091420292,-4.477160431582106,
2025-11,Video Editing,80,148.985,153.47375,113.9725,190.5125,144.935,102.79435609066134,4.848868714592358,
2025-12,Video Editing,80,147.505,154.23925,110.2875,198.0,144.935,101.773208679753,-0.9933885961673994,
2026-01,Video Editing,80,145.99,155.8705,117.2625,175.04749999999999,144.935,100.72791251250561,-1.0270838276668526,
2026-02,Video Editing,80,155.0,171.352625,124.14500000000001,197.70250000000001,144.935,106.94449235864354,6.171655592848824,
2026-03,Video Editing,80,154.255,160.21937499999999,119.61,187.6275,144.935,106.4304688308552,-0.4806451612903384,
2026-04,Video Editing,80,157.695,166.089375,131.52249999999998,189.3525,144.935,108.80394659675025,2.230073579462566,
2026-05,Video Editing,80,147.70999999999998,155.060375,117.525,176.29500000000002,144.935,101.91465139545312,-6.331843114873648,
2026-06,Video Editing,80,148.91500000000002,156.60975000000002,112.83,188.45,144.935,102.74605857798325,0.8157876920994012,2.746058577983246
2025-06,Web Development,80,159.5,173.565625,128.98,214.9625,159.5,100.0,,
2025-07,Web Development,80,168.24,177.502875,135.76999999999998,209.25,159.5,105.47962382445142,5.479623824451418,
2025-08,Web Development,80,148.22,158.46812500000001,111.315,190.9625,159.5,92.92789968652038,-11.89966714217785,
2025-09,Web Development,80,155.6,165.995875,127.47250000000001,186.56,159.5,97.55485893416927,4.9790851437053085,
2025-10,Web Development,80,153.51,170.129,127.4525,197.4225,159.5,96.24451410658307,-1.3431876606683768,
2025-11,Web Development,80,166.53,170.42775,138.8125,192.54250000000002,159.5,104.40752351097177,8.48153214774281,
2025-12,Web Development,80,162.29500000000002,169.73325,138.205,197.97000000000003,159.5,101.75235109717869,-2.5430853299705514,
2026-01,Web Development,80,162.63,168.47650000000002,131.405,192.4025,159.5,101.96238244514106,0.2064142456637441,
2026-02,Web Development,80,161.885,178.6415,136.8125,211.2625,159.5,101.49529780564264,-0.4580950624116009,
2026-03,Web Development,80,175.3,186.4635,141.72,224.625,159.5,109.90595611285268,8.286746764678643,
2026-04,Web Development,80,163.82999999999998,167.232625,131.4775,194.4075,159.5,102.71473354231975,-6.543069024529391,
2026-05,Web Development,80,184.155,186.20425,124.0725,228.865,159.5,115.4576802507837,12.406152719282183,
2026-06,Web Development,80,169.85,171.24025,127.715,209.4425,159.5,106.48902821316615,-7.7679128994596836,6.489028213166148
