category,quarter,index_nominal,index_real,se_log
audio-music_prod,2020Q1,100.0,100.0,0.0
audio-music_prod,2020Q2,100.774,101.767,0.02236
audio-music_prod,2020Q3,109.896,109.724,0.02716
audio-music_prod,2020Q4,115.684,114.676,0.02568
audio-music_prod,2021Q1,122.691,120.4,0.02782
audio-music_prod,2021Q2,133.879,129.027,0.03081
audio-music_prod,2021Q3,141.342,134.083,0.02982
audio-music_prod,2021Q4,153.764,142.758,0.0298
audio-music_prod,2022Q1,160.254,145.58,0.03136
audio-music_prod,2022Q2,165.691,147.061,0.02827
audio-music_prod,2022Q3,169.408,148.402,0.02997
audio-music_prod,2022Q4,175.607,152.24,0.031
audio-music_prod,2023Q1,177.06,152.13,0.03151
audio-music_prod,2023Q2,187.41,159.873,0.03231
audio-music_prod,2023Q3,192.473,162.801,0.03387
audio-music_prod,2023Q4,199.795,167.785,0.03727
audio-music_prod,2024Q1,201.721,167.872,0.0352
audio-music_prod,2024Q2,209.691,173.348,0.03329
audio-music_prod,2024Q3,213.225,175.685,0.03431
audio-music_prod,2024Q4,224.339,183.402,0.03972
audio-other,2020Q1,100.0,100.0,0.0
audio-other,2020Q2,111.922,113.025,0.10893
audio-other,2020Q3,122.301,122.11,0.13194
audio-other,2020Q4,134.091,132.923,0.12886
audio-other,2021Q1,132.525,130.05,0.13036
audio-other,2021Q2,137.174,132.203,0.12946
audio-other,2021Q3,144.746,137.312,0.132
audio-other,2021Q4,148.371,137.751,0.12904
audio-other,2022Q1,149.719,136.01,0.12725
audio-other,2022Q2,158.43,140.616,0.12845
audio-other,2022Q3,152.802,133.855,0.13235
audio-other,2022Q4,163.075,141.376,0.14133
audio-other,2023Q1,166.199,142.799,0.14235
audio-other,2023Q2,168.597,143.824,0.14248
audio-other,2023Q3,182.943,154.741,0.15649
audio-other,2023Q4,181.487,152.41,0.14729
audio-other,2024Q1,184.677,153.689,0.14775
audio-other,2024Q2,184.238,152.306,0.16473
audio-other,2024Q3,184.839,152.297,0.14772
audio-other,2024Q4,197.792,161.7,0.14789
audio-podcast,2020Q1,100.0,100.0,0.0
audio-podcast,2020Q2,103.621,104.642,0.06126
audio-podcast,2020Q3,109.134,108.964,0.07043
audio-podcast,2020Q4,117.881,116.854,0.07785
audio-podcast,2021Q1,122.727,120.435,0.08483
audio-podcast,2021Q2,133.358,128.525,0.08059
audio-podcast,2021Q3,137.157,130.113,0.07965
audio-podcast,2021Q4,145.687,135.259,0.07843
audio-podcast,2022Q1,149.027,135.381,0.07779
audio-podcast,2022Q2,165.649,147.023,0.08319
audio-podcast,2022Q3,162.899,142.7,0.08871
audio-podcast,2022Q4,167.972,145.621,0.10288
audio-podcast,2023Q1,177.1,152.165,0.10306
audio-podcast,2023Q2,188.179,160.529,0.10368
audio-podcast,2023Q3,178.665,151.122,0.10598
audio-podcast,2023Q4,184.035,154.55,0.10225
audio-podcast,2024Q1,183.759,152.925,0.10372
audio-podcast,2024Q2,181.295,149.873,0.09963
audio-podcast,2024Q3,195.723,161.265,0.10436
audio-podcast,2024Q4,183.733,150.206,0.11247
audio-voiceover,2020Q1,100.0,100.0,0.0
audio-voiceover,2020Q2,101.248,102.246,0.03789
audio-voiceover,2020Q3,111.061,110.888,0.03832
audio-voiceover,2020Q4,113.458,112.47,0.04653
audio-voiceover,2021Q1,119.551,117.319,0.05147
audio-voiceover,2021Q2,131.507,126.741,0.05151
audio-voiceover,2021Q3,144.132,136.73,0.05168
audio-voiceover,2021Q4,151.766,140.903,0.05446
audio-voiceover,2022Q1,153.916,139.822,0.05552
audio-voiceover,2022Q2,165.415,146.816,0.06216
audio-voiceover,2022Q3,167.551,146.775,0.05415
audio-voiceover,2022Q4,166.255,144.133,0.05745
audio-voiceover,2023Q1,175.049,150.403,0.05487
audio-voiceover,2023Q2,184.018,156.979,0.05065
audio-voiceover,2023Q3,195.466,165.333,0.05461
audio-voiceover,2023Q4,205.679,172.726,0.05402
audio-voiceover,2024Q1,197.314,164.205,0.05443
audio-voiceover,2024Q2,203.471,168.205,0.0551
audio-voiceover,2024Q3,205.773,169.545,0.05559
audio-voiceover,2024Q4,203.272,166.18,0.06658
coding-automation_bot,2020Q1,100.0,100.0,0.0
coding-automation_bot,2020Q2,102.468,103.478,0.08798
coding-automation_bot,2020Q3,97.961,97.808,0.11953
coding-automation_bot,2020Q4,109.563,108.609,0.12624
coding-automation_bot,2021Q1,108.257,106.235,0.11899
coding-automation_bot,2021Q2,122.888,118.434,0.13386
coding-automation_bot,2021Q3,140.829,133.596,0.12401
coding-automation_bot,2021Q4,141.309,131.194,0.12812
coding-automation_bot,2022Q1,148.354,134.77,0.137
coding-automation_bot,2022Q2,159.276,141.368,0.13754
coding-automation_bot,2022Q3,162.925,142.723,0.13401
coding-automation_bot,2022Q4,159.278,138.084,0.14812
coding-automation_bot,2023Q1,160.151,137.602,0.14913
coding-automation_bot,2023Q2,193.416,164.996,0.16122
coding-automation_bot,2023Q3,197.297,166.882,0.16527
coding-automation_bot,2023Q4,221.408,185.936,0.15303
coding-automation_bot,2024Q1,261.819,217.886,0.15379
coding-automation_bot,2024Q2,248.752,205.638,0.15911
coding-automation_bot,2024Q3,266.48,219.564,0.17367
coding-automation_bot,2024Q4,296.151,242.11,0.18539
coding-backend_api,2020Q1,100.0,100.0,0.0
coding-backend_api,2020Q2,99.628,100.61,0.0519
coding-backend_api,2020Q3,110.026,109.855,0.07536
coding-backend_api,2020Q4,122.856,121.786,0.06502
coding-backend_api,2021Q1,123.673,121.364,0.06038
coding-backend_api,2021Q2,133.275,128.445,0.06195
coding-backend_api,2021Q3,131.536,124.78,0.07176
coding-backend_api,2021Q4,151.341,140.509,0.07204
coding-backend_api,2022Q1,164.143,149.113,0.0755
coding-backend_api,2022Q2,165.863,147.214,0.0687
coding-backend_api,2022Q3,174.068,152.485,0.07441
coding-backend_api,2022Q4,179.06,155.234,0.07443
coding-backend_api,2023Q1,186.233,160.012,0.07316
coding-backend_api,2023Q2,192.811,164.48,0.08364
coding-backend_api,2023Q3,202.959,171.671,0.08228
coding-backend_api,2023Q4,251.133,210.898,0.08313
coding-backend_api,2024Q1,258.897,215.455,0.08641
coding-backend_api,2024Q2,274.042,226.545,0.09217
coding-backend_api,2024Q3,278.506,229.473,0.09157
coding-backend_api,2024Q4,270.25,220.935,0.10903
coding-data_ml_ai,2020Q1,100.0,100.0,0.0
coding-data_ml_ai,2020Q2,83.199,84.019,0.15471
coding-data_ml_ai,2020Q3,108.657,108.488,0.15908
coding-data_ml_ai,2020Q4,114.358,113.362,0.16693
coding-data_ml_ai,2021Q1,108.039,106.021,0.16695
coding-data_ml_ai,2021Q2,97.046,93.529,0.17326
coding-data_ml_ai,2021Q3,103.21,97.909,0.17074
coding-data_ml_ai,2021Q4,108.062,100.327,0.17322
coding-data_ml_ai,2022Q1,123.122,111.848,0.1766
coding-data_ml_ai,2022Q2,125.621,111.496,0.20543
coding-data_ml_ai,2022Q3,139.12,121.869,0.17295
coding-data_ml_ai,2022Q4,139.109,120.599,0.16593
coding-data_ml_ai,2023Q1,147.295,126.556,0.16438
coding-data_ml_ai,2023Q2,142.974,121.966,0.164
coding-data_ml_ai,2023Q3,175.084,148.093,0.19655
coding-data_ml_ai,2023Q4,192.624,161.763,0.20156
coding-data_ml_ai,2024Q1,196.921,163.878,0.20324
coding-data_ml_ai,2024Q2,224.005,185.181,0.21534
coding-data_ml_ai,2024Q3,205.835,169.596,0.1972
coding-data_ml_ai,2024Q4,211.316,172.756,0.2214
coding-mobile_app,2020Q1,100.0,100.0,0.0
coding-mobile_app,2020Q2,101.77,102.772,0.07516
coding-mobile_app,2020Q3,105.841,105.676,0.07798
coding-mobile_app,2020Q4,107.001,106.069,0.0874
coding-mobile_app,2021Q1,114.776,112.633,0.08486
coding-mobile_app,2021Q2,119.299,114.976,0.08657
coding-mobile_app,2021Q3,122.895,116.583,0.10288
coding-mobile_app,2021Q4,128.009,118.847,0.10436
coding-mobile_app,2022Q1,157.943,143.481,0.08969
coding-mobile_app,2022Q2,182.947,162.377,0.09841
coding-mobile_app,2022Q3,185.905,162.854,0.1039
coding-mobile_app,2022Q4,195.473,169.463,0.1144
coding-mobile_app,2023Q1,204.681,175.862,0.11437
coding-mobile_app,2023Q2,210.536,179.601,0.11891
coding-mobile_app,2023Q3,244.191,206.547,0.11805
coding-mobile_app,2023Q4,248.595,208.766,0.122
coding-mobile_app,2024Q1,262.813,218.713,0.12734
coding-mobile_app,2024Q2,290.402,240.07,0.13987
coding-mobile_app,2024Q3,262.354,216.164,0.12414
coding-mobile_app,2024Q4,258.033,210.948,0.13008
coding-other,2020Q1,100.0,100.0,0.0
coding-other,2020Q2,96.33,97.28,0.03576
coding-other,2020Q3,113.415,113.238,0.04658
coding-other,2020Q4,120.046,119.001,0.05382
coding-other,2021Q1,127.881,125.494,0.05943
coding-other,2021Q2,135.263,130.361,0.05674
coding-other,2021Q3,139.828,132.646,0.05038
coding-other,2021Q4,149.614,138.905,0.0519
coding-other,2022Q1,166.448,151.207,0.05143
coding-other,2022Q2,176.949,157.053,0.05366
coding-other,2022Q3,172.477,151.09,0.05488
coding-other,2022Q4,174.371,151.169,0.0539
coding-other,2023Q1,174.741,150.138,0.05234
coding-other,2023Q2,178.442,152.222,0.05637
coding-other,2023Q3,182.609,154.458,0.05583
coding-other,2023Q4,192.062,161.291,0.05818
coding-other,2024Q1,212.906,177.181,0.06521
coding-other,2024Q2,222.346,183.809,0.06283
coding-other,2024Q3,213.741,176.11,0.05835
coding-other,2024Q4,217.448,177.769,0.06981
coding-web_dev,2020Q1,100.0,100.0,0.0
coding-web_dev,2020Q2,100.778,101.771,0.02432
coding-web_dev,2020Q3,111.401,111.228,0.02793
coding-web_dev,2020Q4,119.871,118.827,0.02829
coding-web_dev,2021Q1,127.733,125.348,0.03059
coding-web_dev,2021Q2,133.747,128.899,0.02976
coding-web_dev,2021Q3,138.633,131.513,0.029
coding-web_dev,2021Q4,149.635,138.925,0.02992
coding-web_dev,2022Q1,159.839,145.203,0.03117
coding-web_dev,2022Q2,171.441,152.164,0.03223
coding-web_dev,2022Q3,183.366,160.629,0.03318
coding-web_dev,2022Q4,187.604,162.642,0.03375
coding-web_dev,2023Q1,198.735,170.754,0.03634
coding-web_dev,2023Q2,207.667,177.153,0.03681
coding-web_dev,2023Q3,234.336,198.211,0.03747
coding-web_dev,2023Q4,245.124,205.851,0.03605
coding-web_dev,2024Q1,244.017,203.071,0.03755
coding-web_dev,2024Q2,246.737,203.973,0.03828
coding-web_dev,2024Q3,244.538,201.485,0.03852
coding-web_dev,2024Q4,244.643,200.001,0.03959
design-illustration,2020Q1,100.0,100.0,0.0
design-illustration,2020Q2,100.027,101.013,0.02178
design-illustration,2020Q3,106.401,106.235,0.03469
design-illustration,2020Q4,108.956,108.007,0.02923
design-illustration,2021Q1,111.412,109.331,0.0324
design-illustration,2021Q2,111.683,107.635,0.03171
design-illustration,2021Q3,116.43,110.451,0.03436
design-illustration,2021Q4,123.882,115.015,0.0353
design-illustration,2022Q1,130.173,118.253,0.03496
design-illustration,2022Q2,132.319,117.441,0.03357
design-illustration,2022Q3,130.582,114.39,0.03454
design-illustration,2022Q4,133.139,115.424,0.03457
design-illustration,2023Q1,134.318,115.406,0.03622
design-illustration,2023Q2,141.199,120.452,0.03851
design-illustration,2023Q3,142.781,120.77,0.0396
design-illustration,2023Q4,143.291,120.334,0.04356
design-illustration,2024Q1,140.804,117.178,0.04656
design-illustration,2024Q2,150.86,124.713,0.04893
design-illustration,2024Q3,149.716,123.358,0.04558
design-illustration,2024Q4,146.684,119.918,0.05233
design-logo_brand,2020Q1,100.0,100.0,0.0
design-logo_brand,2020Q2,104.928,105.962,0.02063
design-logo_brand,2020Q3,116.524,116.343,0.02811
design-logo_brand,2020Q4,119.229,118.19,0.02738
design-logo_brand,2021Q1,117.695,115.498,0.02381
design-logo_brand,2021Q2,124.865,120.34,0.02385
design-logo_brand,2021Q3,125.891,119.426,0.02397
design-logo_brand,2021Q4,132.341,122.869,0.02468
design-logo_brand,2022Q1,137.235,124.669,0.02493
design-logo_brand,2022Q2,143.9,127.72,0.02622
design-logo_brand,2022Q3,142.701,125.007,0.02705
design-logo_brand,2022Q4,141.886,123.006,0.02843
design-logo_brand,2023Q1,141.515,121.59,0.03031
design-logo_brand,2023Q2,148.364,126.564,0.02878
design-logo_brand,2023Q3,150.628,127.407,0.02989
design-logo_brand,2023Q4,153.825,129.18,0.0313
design-logo_brand,2024Q1,155.341,129.275,0.03337
design-logo_brand,2024Q2,160.778,132.912,0.03415
design-logo_brand,2024Q3,158.942,130.959,0.0325
design-logo_brand,2024Q4,159.2,130.15,0.03305
design-other,2020Q1,100.0,100.0,0.0
design-other,2020Q2,99.322,100.301,0.02175
design-other,2020Q3,106.233,106.067,0.02492
design-other,2020Q4,110.512,109.549,0.02731
design-other,2021Q1,117.712,115.514,0.02706
design-other,2021Q2,126.6,122.012,0.03347
design-other,2021Q3,129.994,123.318,0.03051
design-other,2021Q4,136.384,126.622,0.03151
design-other,2022Q1,140.252,127.409,0.0324
design-other,2022Q2,151.539,134.5,0.03273
design-other,2022Q3,154.195,135.076,0.03257
design-other,2022Q4,156.405,135.593,0.03323
design-other,2023Q1,156.197,134.205,0.03438
design-other,2023Q2,160.919,137.274,0.03432
design-other,2023Q3,174.172,147.321,0.03488
design-other,2023Q4,176.549,148.263,0.03609
design-other,2024Q1,180.925,150.566,0.03583
design-other,2024Q2,182.742,151.069,0.03743
design-other,2024Q3,187.089,154.151,0.03581
design-other,2024Q4,190.903,156.068,0.04152
design-print_merch,2020Q1,100.0,100.0,0.0
design-print_merch,2020Q2,101.021,102.017,0.01584
design-print_merch,2020Q3,108.523,108.354,0.01976
design-print_merch,2020Q4,113.437,112.449,0.02234
design-print_merch,2021Q1,122.2,119.919,0.02206
design-print_merch,2021Q2,126.621,122.032,0.02403
design-print_merch,2021Q3,131.023,124.294,0.02421
design-print_merch,2021Q4,137.22,127.398,0.02398
design-print_merch,2022Q1,145.974,132.608,0.0256
design-print_merch,2022Q2,147.815,131.195,0.02752
design-print_merch,2022Q3,151.622,132.821,0.02742
design-print_merch,2022Q4,155.022,134.395,0.02597
design-print_merch,2023Q1,157.295,135.148,0.02664
design-print_merch,2023Q2,163.136,139.166,0.02781
design-print_merch,2023Q3,165.395,139.898,0.02815
design-print_merch,2023Q4,171.049,143.645,0.02918
design-print_merch,2024Q1,174.754,145.43,0.02772
design-print_merch,2024Q2,178.087,147.221,0.02977
design-print_merch,2024Q3,181.977,149.939,0.02797
design-print_merch,2024Q4,184.386,150.74,0.03162
design-social_graphics,2020Q1,100.0,100.0,0.0
design-social_graphics,2020Q2,112.743,113.854,0.03649
design-social_graphics,2020Q3,118.202,118.018,0.05562
design-social_graphics,2020Q4,130.199,129.065,0.06299
design-social_graphics,2021Q1,143.8,141.115,0.06973
design-social_graphics,2021Q2,158.349,152.61,0.07033
design-social_graphics,2021Q3,161.821,153.51,0.06879
design-social_graphics,2021Q4,168.789,156.708,0.07251
design-social_graphics,2022Q1,174.492,158.514,0.0743
design-social_graphics,2022Q2,182.475,161.958,0.07087
design-social_graphics,2022Q3,184.495,161.618,0.07511
design-social_graphics,2022Q4,195.461,169.453,0.07416
design-social_graphics,2023Q1,202.121,173.663,0.07244
design-social_graphics,2023Q2,205.736,175.506,0.06906
design-social_graphics,2023Q3,216.269,182.929,0.06848
design-social_graphics,2023Q4,219.43,184.274,0.07169
design-social_graphics,2024Q1,225.494,187.657,0.07012
design-social_graphics,2024Q2,227.281,187.888,0.07046
design-social_graphics,2024Q3,234.477,193.195,0.07292
design-social_graphics,2024Q4,241.45,197.391,0.08054
design-threed_product,2020Q1,100.0,100.0,0.0
design-threed_product,2020Q2,92.12,93.028,0.06218
design-threed_product,2020Q3,100.673,100.516,0.05536
design-threed_product,2020Q4,103.428,102.527,0.05999
design-threed_product,2021Q1,111.745,109.659,0.0653
design-threed_product,2021Q2,122.252,117.822,0.07068
design-threed_product,2021Q3,122.876,116.566,0.06551
design-threed_product,2021Q4,127.367,118.25,0.07688
design-threed_product,2022Q1,137.037,124.489,0.07256
design-threed_product,2022Q2,140.428,124.638,0.06869
design-threed_product,2022Q3,144.677,126.737,0.06908
design-threed_product,2022Q4,151.5,131.341,0.07594
design-threed_product,2023Q1,152.624,131.135,0.07424
design-threed_product,2023Q2,154.427,131.736,0.07889
design-threed_product,2023Q3,161.808,136.864,0.08512
design-threed_product,2023Q4,155.003,130.169,0.06866
design-threed_product,2024Q1,162.702,135.401,0.08078
design-threed_product,2024Q2,165.547,136.854,0.07093
design-threed_product,2024Q3,174.876,144.088,0.07799
design-threed_product,2024Q4,173.222,141.613,0.07253
design-ui_ux_web,2020Q1,100.0,100.0,0.0
design-ui_ux_web,2020Q2,120.239,121.424,0.05458
design-ui_ux_web,2020Q3,145.835,145.608,0.10509
design-ui_ux_web,2020Q4,131.658,130.512,0.15166
design-ui_ux_web,2021Q1,146.745,144.005,0.14018
design-ui_ux_web,2021Q2,152.285,146.766,0.12934
design-ui_ux_web,2021Q3,156.42,148.387,0.1331
design-ui_ux_web,2021Q4,166.223,154.325,0.14325
design-ui_ux_web,2022Q1,185.728,168.722,0.14539
design-ui_ux_web,2022Q2,206.271,183.078,0.13115
design-ui_ux_web,2022Q3,218.661,191.548,0.12697
design-ui_ux_web,2022Q4,210.468,182.463,0.13138
design-ui_ux_web,2023Q1,240.557,206.687,0.13724
design-ui_ux_web,2023Q2,257.935,220.035,0.13046
design-ui_ux_web,2023Q3,274.85,232.479,0.14028
design-ui_ux_web,2023Q4,272.136,228.536,0.13119
design-ui_ux_web,2024Q1,282.296,234.928,0.13436
design-ui_ux_web,2024Q2,297.792,246.179,0.138
design-ui_ux_web,2024Q3,295.639,243.589,0.15408
design-ui_ux_web,2024Q4,298.383,243.935,0.14785
marketing-ads_ppc,2020Q1,100.0,100.0,0.0
marketing-ads_ppc,2020Q2,98.149,99.116,0.08962
marketing-ads_ppc,2020Q3,102.665,102.505,0.1092
marketing-ads_ppc,2020Q4,120.745,119.693,0.1024
marketing-ads_ppc,2021Q1,147.586,144.831,0.10147
marketing-ads_ppc,2021Q2,156.406,150.737,0.09419
marketing-ads_ppc,2021Q3,174.174,165.229,0.08399
marketing-ads_ppc,2021Q4,183.707,170.558,0.10055
marketing-ads_ppc,2022Q1,195.486,177.586,0.0948
marketing-ads_ppc,2022Q2,206.196,183.012,0.08964
marketing-ads_ppc,2022Q3,211.258,185.063,0.08774
marketing-ads_ppc,2022Q4,234.622,203.403,0.08782
marketing-ads_ppc,2023Q1,232.962,200.161,0.08842
marketing-ads_ppc,2023Q2,255.141,217.652,0.11477
marketing-ads_ppc,2023Q3,255.676,216.261,0.09757
marketing-ads_ppc,2023Q4,279.815,234.984,0.11006
marketing-ads_ppc,2024Q1,289.848,241.212,0.11231
marketing-ads_ppc,2024Q2,301.772,249.469,0.11051
marketing-ads_ppc,2024Q3,304.808,251.145,0.09643
marketing-ads_ppc,2024Q4,298.533,244.058,0.1094
marketing-email_funnel,2020Q1,100.0,100.0,0.0
marketing-email_funnel,2020Q2,111.65,112.75,0.08384
marketing-email_funnel,2020Q3,139.6,139.382,0.11412
marketing-email_funnel,2020Q4,150.805,149.491,0.11237
marketing-email_funnel,2021Q1,164.687,161.612,0.1044
marketing-email_funnel,2021Q2,175.147,168.799,0.12193
marketing-email_funnel,2021Q3,179.376,170.164,0.13056
marketing-email_funnel,2021Q4,201.649,187.216,0.1392
marketing-email_funnel,2022Q1,212.038,192.622,0.14115
marketing-email_funnel,2022Q2,228.195,202.537,0.12993
marketing-email_funnel,2022Q3,220.972,193.572,0.13782
marketing-email_funnel,2022Q4,220.074,190.791,0.13783
marketing-email_funnel,2023Q1,264.567,227.316,0.1424
marketing-email_funnel,2023Q2,269.207,229.651,0.15145
marketing-email_funnel,2023Q3,294.337,248.962,0.13731
marketing-email_funnel,2023Q4,303.631,254.985,0.15506
marketing-email_funnel,2024Q1,321.245,267.341,0.15829
marketing-email_funnel,2024Q2,373.368,308.656,0.13221
marketing-email_funnel,2024Q3,317.902,261.933,0.1384
marketing-email_funnel,2024Q4,312.009,255.074,0.16784
marketing-other,2020Q1,100.0,100.0,0.0
marketing-other,2020Q2,104.75,105.782,0.0419
marketing-other,2020Q3,109.75,109.579,0.05508
marketing-other,2020Q4,109.985,109.027,0.0555
marketing-other,2021Q1,120.247,118.002,0.05023
marketing-other,2021Q2,129.698,124.998,0.05082
marketing-other,2021Q3,139.78,132.601,0.05395
marketing-other,2021Q4,147.668,137.098,0.05644
marketing-other,2022Q1,155.704,141.446,0.05477
marketing-other,2022Q2,164.16,145.702,0.05969
marketing-other,2022Q3,169.066,148.102,0.05953
marketing-other,2022Q4,179.548,155.658,0.06084
marketing-other,2023Q1,189.902,163.164,0.06095
marketing-other,2023Q2,194.999,166.347,0.06626
marketing-other,2023Q3,205.1,173.482,0.06555
marketing-other,2023Q4,213.89,179.622,0.06726
marketing-other,2024Q1,215.055,178.969,0.06466
marketing-other,2024Q2,216.139,178.678,0.06722
marketing-other,2024Q3,223.296,183.983,0.06548
marketing-other,2024Q4,232.056,189.711,0.07516
marketing-seo,2020Q1,100.0,100.0,0.0
marketing-seo,2020Q2,106.671,107.722,0.03981
marketing-seo,2020Q3,109.963,109.792,0.04273
marketing-seo,2020Q4,116.992,115.973,0.04378
marketing-seo,2021Q1,116.024,113.858,0.04506
marketing-seo,2021Q2,124.791,120.268,0.04827
marketing-seo,2021Q3,128.837,122.22,0.04634
marketing-seo,2021Q4,141.175,131.07,0.04906
marketing-seo,2022Q1,139.035,126.304,0.04869
marketing-seo,2022Q2,143.926,127.743,0.04948
marketing-seo,2022Q3,146.091,127.976,0.05069
marketing-seo,2022Q4,151.133,131.023,0.05323
marketing-seo,2023Q1,154.29,132.566,0.05428
marketing-seo,2023Q2,156.816,133.774,0.0552
marketing-seo,2023Q3,160.571,135.818,0.05815
marketing-seo,2023Q4,172.396,144.776,0.06878
marketing-seo,2024Q1,177.259,147.516,0.07157
marketing-seo,2024Q2,184.736,152.717,0.07173
marketing-seo,2024Q3,177.736,146.444,0.06249
marketing-seo,2024Q4,169.682,138.719,0.06105
marketing-social_media,2020Q1,100.0,100.0,0.0
marketing-social_media,2020Q2,116.702,117.852,0.03026
marketing-social_media,2020Q3,116.09,115.909,0.03871
marketing-social_media,2020Q4,124.147,123.066,0.04368
marketing-social_media,2021Q1,124.632,122.305,0.03897
marketing-social_media,2021Q2,132.58,127.776,0.03929
marketing-social_media,2021Q3,136.522,129.51,0.04052
marketing-social_media,2021Q4,139.887,129.875,0.04434
marketing-social_media,2022Q1,144.188,130.985,0.0442
marketing-social_media,2022Q2,148.104,131.452,0.04668
marketing-social_media,2022Q3,151.377,132.607,0.04315
marketing-social_media,2022Q4,156.027,135.266,0.04667
marketing-social_media,2023Q1,156.791,134.715,0.04385
marketing-social_media,2023Q2,163.902,139.819,0.05168
marketing-social_media,2023Q3,165.322,139.836,0.04812
marketing-social_media,2023Q4,173.469,145.677,0.04896
marketing-social_media,2024Q1,177.282,147.535,0.04524
marketing-social_media,2024Q2,176.131,145.604,0.04888
marketing-social_media,2024Q3,184.822,152.282,0.05874
marketing-social_media,2024Q4,188.161,153.826,0.05899
translation-other,2020Q1,100.0,100.0,0.0
translation-other,2020Q2,107.202,108.258,0.03832
translation-other,2020Q3,107.397,107.229,0.04608
translation-other,2020Q4,120.052,119.006,0.04476
translation-other,2021Q1,119.83,117.593,0.04497
translation-other,2021Q2,128.161,123.516,0.05057
translation-other,2021Q3,129.555,122.901,0.04666
translation-other,2021Q4,141.61,131.474,0.05419
translation-other,2022Q1,145.843,132.489,0.05424
translation-other,2022Q2,155.621,138.123,0.05239
translation-other,2022Q3,159.777,139.965,0.05248
translation-other,2022Q4,157.877,136.87,0.05238
translation-other,2023Q1,161.465,138.731,0.05017
translation-other,2023Q2,169.981,145.005,0.05043
translation-other,2023Q3,175.094,148.102,0.05107
translation-other,2023Q4,181.461,152.388,0.05626
translation-other,2024Q1,183.615,152.805,0.05398
translation-other,2024Q2,180.961,149.597,0.05672
translation-other,2024Q3,183.915,151.535,0.05345
translation-other,2024Q4,184.968,151.215,0.06424
translation-subtitle,2020Q1,100.0,100.0,0.0
translation-subtitle,2020Q2,95.538,96.479,0.03655
translation-subtitle,2020Q3,95.683,95.534,0.03707
translation-subtitle,2020Q4,95.8,94.966,0.03583
translation-subtitle,2021Q1,101.323,99.431,0.03979
translation-subtitle,2021Q2,102.72,98.997,0.03501
translation-subtitle,2021Q3,104.813,99.43,0.03528
translation-subtitle,2021Q4,108.602,100.829,0.03961
translation-subtitle,2022Q1,110.443,100.33,0.04044
translation-subtitle,2022Q2,114.112,101.281,0.0409
translation-subtitle,2022Q3,114.116,99.966,0.04082
translation-subtitle,2022Q4,113.02,97.982,0.04799
translation-subtitle,2023Q1,112.675,96.811,0.04445
translation-subtitle,2023Q2,116.081,99.025,0.0541
translation-subtitle,2023Q3,114.525,96.869,0.05565
translation-subtitle,2023Q4,115.318,96.842,0.0541
translation-subtitle,2024Q1,116.418,96.883,0.05595
translation-subtitle,2024Q2,130.146,107.589,0.06892
translation-subtitle,2024Q3,123.801,102.005,0.06551
translation-subtitle,2024Q4,126.147,103.128,0.07863
translation-translation,2020Q1,100.0,100.0,0.0
translation-translation,2020Q2,98.591,99.563,0.01715
translation-translation,2020Q3,101.147,100.99,0.01939
translation-translation,2020Q4,104.444,103.535,0.02119
translation-translation,2021Q1,105.099,103.137,0.02195
translation-translation,2021Q2,104.998,101.193,0.02577
translation-translation,2021Q3,108.408,102.841,0.02515
translation-translation,2021Q4,114.142,105.973,0.02748
translation-translation,2022Q1,118.083,107.27,0.03395
translation-translation,2022Q2,120.807,107.224,0.02856
translation-translation,2022Q3,122.072,106.935,0.02721
translation-translation,2022Q4,120.935,104.843,0.0271
translation-translation,2023Q1,122.721,105.442,0.02586
translation-translation,2023Q2,126.323,107.761,0.03593
translation-translation,2023Q3,126.824,107.272,0.02908
translation-translation,2023Q4,125.65,105.519,0.03096
translation-translation,2024Q1,127.832,106.382,0.03199
translation-translation,2024Q2,133.005,109.953,0.0358
translation-translation,2024Q3,132.205,108.929,0.03641
translation-translation,2024Q4,129.075,105.521,0.03998
video-animation,2020Q1,100.0,100.0,0.0
video-animation,2020Q2,103.203,104.22,0.02635
video-animation,2020Q3,109.517,109.346,0.02957
video-animation,2020Q4,114.495,113.498,0.02835
video-animation,2021Q1,123.471,121.166,0.02817
video-animation,2021Q2,131.371,126.61,0.03151
video-animation,2021Q3,134.918,127.989,0.02893
video-animation,2021Q4,140.567,130.505,0.02957
video-animation,2022Q1,151.339,137.482,0.03294
video-animation,2022Q2,155.679,138.175,0.03328
video-animation,2022Q3,155.776,136.46,0.03482
video-animation,2022Q4,157.009,136.117,0.03479
video-animation,2023Q1,159.007,136.619,0.03408
video-animation,2023Q2,158.626,135.318,0.03483
video-animation,2023Q3,165.017,139.578,0.03467
video-animation,2023Q4,173.293,145.529,0.03449
video-animation,2024Q1,180.209,149.97,0.03558
video-animation,2024Q2,186.945,154.544,0.04071
video-animation,2024Q3,182.973,150.759,0.0364
video-animation,2024Q4,190.858,156.031,0.03876
video-motion_intro,2020Q1,100.0,100.0,0.0
video-motion_intro,2020Q2,95.685,96.628,0.07297
video-motion_intro,2020Q3,99.936,99.78,0.07743
video-motion_intro,2020Q4,105.352,104.434,0.06666
video-motion_intro,2021Q1,119.725,117.489,0.05863
video-motion_intro,2021Q2,132.683,127.875,0.06309
video-motion_intro,2021Q3,137.602,130.535,0.05681
video-motion_intro,2021Q4,140.667,130.598,0.05949
video-motion_intro,2022Q1,146.614,133.189,0.06345
video-motion_intro,2022Q2,147.413,130.838,0.06321
video-motion_intro,2022Q3,155.142,135.905,0.06326
video-motion_intro,2022Q4,163.018,141.327,0.06918
video-motion_intro,2023Q1,168.954,145.165,0.06757
video-motion_intro,2023Q2,173.769,148.236,0.06823
video-motion_intro,2023Q3,175.227,148.214,0.07045
video-motion_intro,2023Q4,187.218,157.223,0.0668
video-motion_intro,2024Q1,182.764,152.096,0.07089
video-motion_intro,2024Q2,184.186,152.263,0.07567
video-motion_intro,2024Q3,180.597,148.802,0.07296
video-motion_intro,2024Q4,178.479,145.911,0.08715
video-other,2020Q1,100.0,100.0,0.0
video-other,2020Q2,99.312,100.291,0.02133
video-other,2020Q3,106.19,106.025,0.02354
video-other,2020Q4,112.133,111.156,0.02511
video-other,2021Q1,118.313,116.104,0.02715
video-other,2021Q2,127.274,122.661,0.02775
video-other,2021Q3,133.502,126.645,0.02626
video-other,2021Q4,139.723,129.722,0.02846
video-other,2022Q1,145.346,132.038,0.02635
video-other,2022Q2,149.015,132.26,0.02849
video-other,2022Q3,150.95,132.233,0.02755
video-other,2022Q4,155.223,134.569,0.02965
video-other,2023Q1,162.816,139.892,0.0292
video-other,2023Q2,168.785,143.984,0.03061
video-other,2023Q3,170.636,144.331,0.03143
video-other,2023Q4,174.553,146.587,0.0317
video-other,2024Q1,185.415,154.303,0.0313
video-other,2024Q2,194.571,160.848,0.03453
video-other,2024Q3,195.807,161.333,0.0335
video-other,2024Q4,199.869,163.398,0.03428
video-video_editing,2020Q1,100.0,100.0,0.0
video-video_editing,2020Q2,94.418,95.349,0.09831
video-video_editing,2020Q3,97.109,96.957,0.06488
video-video_editing,2020Q4,101.943,101.056,0.07093
video-video_editing,2021Q1,102.797,100.877,0.07533
video-video_editing,2021Q2,117.393,113.139,0.06901
video-video_editing,2021Q3,132.9,126.074,0.09129
video-video_editing,2021Q4,134.649,125.011,0.0756
video-video_editing,2022Q1,142.372,129.336,0.08153
video-video_editing,2022Q2,147.723,131.113,0.08021
video-video_editing,2022Q3,147.202,128.95,0.07296
video-video_editing,2022Q4,154.752,134.161,0.07016
video-video_editing,2023Q1,151.955,130.56,0.06685
video-video_editing,2023Q2,162.214,138.379,0.07588
video-video_editing,2023Q3,161.032,136.207,0.07863
video-video_editing,2023Q4,183.474,154.079,0.09721
video-video_editing,2024Q1,186.571,155.265,0.09597
video-video_editing,2024Q2,202.298,167.236,0.10838
video-video_editing,2024Q3,198.134,163.251,0.09363
video-video_editing,2024Q4,187.376,153.184,0.10316
writing-content_seo,2020Q1,100.0,100.0,0.0
writing-content_seo,2020Q2,102.227,103.235,0.0273
writing-content_seo,2020Q3,109.458,109.287,0.03909
writing-content_seo,2020Q4,115.978,114.968,0.04205
writing-content_seo,2021Q1,120.633,118.381,0.04521
writing-content_seo,2021Q2,128.382,123.729,0.04234
writing-content_seo,2021Q3,133.713,126.846,0.04083
writing-content_seo,2021Q4,137.498,127.656,0.04181
writing-content_seo,2022Q1,143.636,130.483,0.04463
writing-content_seo,2022Q2,155.872,138.346,0.04413
writing-content_seo,2022Q3,156.546,137.135,0.04129
writing-content_seo,2022Q4,159.758,138.501,0.04244
writing-content_seo,2023Q1,162.388,139.524,0.0441
writing-content_seo,2023Q2,166.597,142.118,0.04698
writing-content_seo,2023Q3,169.4,143.285,0.04829
writing-content_seo,2023Q4,174.428,146.482,0.04825
writing-content_seo,2024Q1,189.143,157.405,0.05386
writing-content_seo,2024Q2,184.795,152.766,0.0512
writing-content_seo,2024Q3,192.973,158.999,0.05077
writing-content_seo,2024Q4,202.261,165.353,0.05555
writing-copywriting,2020Q1,100.0,100.0,0.0
writing-copywriting,2020Q2,115.226,116.361,0.05803
writing-copywriting,2020Q3,122.755,122.564,0.07766
writing-copywriting,2020Q4,126.719,125.615,0.08517
writing-copywriting,2021Q1,135.429,132.9,0.09253
writing-copywriting,2021Q2,157.513,151.804,0.09292
writing-copywriting,2021Q3,152.142,144.329,0.09447
writing-copywriting,2021Q4,154.824,143.742,0.08941
writing-copywriting,2022Q1,168.977,153.504,0.08974
writing-copywriting,2022Q2,185.304,164.469,0.09443
writing-copywriting,2022Q3,190.056,166.49,0.09555
writing-copywriting,2022Q4,195.359,169.365,0.09466
writing-copywriting,2023Q1,191.303,164.368,0.09554
writing-copywriting,2023Q2,184.26,157.186,0.08998
writing-copywriting,2023Q3,192.554,162.87,0.09734
writing-copywriting,2023Q4,207.416,174.185,0.10496
writing-copywriting,2024Q1,209.654,174.475,0.09799
writing-copywriting,2024Q2,206.134,170.407,0.12667
writing-copywriting,2024Q3,206.521,170.161,0.09318
writing-copywriting,2024Q4,211.701,173.07,0.10485
writing-ebook_book,2020Q1,100.0,100.0,0.0
writing-ebook_book,2020Q2,104.486,105.516,0.02748
writing-ebook_book,2020Q3,104.709,104.546,0.03237
writing-ebook_book,2020Q4,107.34,106.405,0.03455
writing-ebook_book,2021Q1,117.99,115.787,0.0351
writing-ebook_book,2021Q2,129.974,125.263,0.03346
writing-ebook_book,2021Q3,136.777,129.752,0.03356
writing-ebook_book,2021Q4,141.101,131.001,0.03309
writing-ebook_book,2022Q1,146.894,133.443,0.03411
writing-ebook_book,2022Q2,157.816,140.072,0.03559
writing-ebook_book,2022Q3,158.985,139.272,0.03511
writing-ebook_book,2022Q4,162.032,140.472,0.03444
writing-ebook_book,2023Q1,167.326,143.767,0.0354
writing-ebook_book,2023Q2,172.588,147.229,0.035
writing-ebook_book,2023Q3,180.283,152.49,0.03859
writing-ebook_book,2023Q4,191.279,160.634,0.04005
writing-ebook_book,2024Q1,193.13,160.723,0.03831
writing-ebook_book,2024Q2,190.386,157.388,0.0411
writing-ebook_book,2024Q3,197.715,162.906,0.03857
writing-ebook_book,2024Q4,205.198,167.754,0.04149
writing-editing,2020Q1,100.0,100.0,0.0
writing-editing,2020Q2,99.737,100.72,0.03133
writing-editing,2020Q3,108.746,108.577,0.03794
writing-editing,2020Q4,115.737,114.729,0.03481
writing-editing,2021Q1,120.416,118.168,0.03495
writing-editing,2021Q2,132.311,127.516,0.03493
writing-editing,2021Q3,135.921,128.941,0.03442
writing-editing,2021Q4,147.724,137.151,0.03941
writing-editing,2022Q1,154.11,139.999,0.03957
writing-editing,2022Q2,156.629,139.018,0.03819
writing-editing,2022Q3,163.998,143.662,0.04044
writing-editing,2022Q4,171.006,148.252,0.04077
writing-editing,2023Q1,173.156,148.776,0.03911
writing-editing,2023Q2,176.389,150.472,0.04044
writing-editing,2023Q3,185.425,156.84,0.04206
writing-editing,2023Q4,191.66,160.953,0.04237
writing-editing,2024Q1,198.364,165.079,0.04497
writing-editing,2024Q2,201.029,166.187,0.04514
writing-editing,2024Q3,203.517,167.687,0.04383
writing-editing,2024Q4,209.76,171.483,0.04923
writing-other,2020Q1,100.0,100.0,0.0
writing-other,2020Q2,104.661,105.692,0.02306
writing-other,2020Q3,112.336,112.16,0.03295
writing-other,2020Q4,121.779,120.718,0.03492
writing-other,2021Q1,128.658,126.255,0.03411
writing-other,2021Q2,135.741,130.821,0.03302
writing-other,2021Q3,141.155,133.906,0.03365
writing-other,2021Q4,148.548,137.915,0.03446
writing-other,2022Q1,159.318,144.73,0.03406
writing-other,2022Q2,167.87,148.995,0.03301
writing-other,2022Q3,170.664,149.502,0.03474
writing-other,2022Q4,176.998,153.447,0.03464
writing-other,2023Q1,183.574,157.728,0.03496
writing-other,2023Q2,190.567,162.566,0.03679
writing-other,2023Q3,188.83,159.72,0.03874
writing-other,2023Q4,193.134,162.191,0.03973
writing-other,2024Q1,198.723,165.378,0.03868
writing-other,2024Q2,201.051,166.205,0.04002
writing-other,2024Q3,204.295,168.327,0.0395
writing-other,2024Q4,205.791,168.239,0.04427
writing-resume_bio,2020Q1,100.0,100.0,0.0
writing-resume_bio,2020Q2,103.381,104.4,0.05274
writing-resume_bio,2020Q3,110.94,110.767,0.06721
writing-resume_bio,2020Q4,128.81,127.688,0.07409
writing-resume_bio,2021Q1,130.128,127.698,0.07766
writing-resume_bio,2021Q2,144.044,138.823,0.07699
writing-resume_bio,2021Q3,149.505,141.826,0.07658
writing-resume_bio,2021Q4,158.244,146.917,0.07599
writing-resume_bio,2022Q1,159.992,145.342,0.07496
writing-resume_bio,2022Q2,173.645,154.121,0.07593
writing-resume_bio,2022Q3,177.097,155.137,0.07404
writing-resume_bio,2022Q4,189.12,163.956,0.07864
writing-resume_bio,2023Q1,190.406,163.597,0.08228
writing-resume_bio,2023Q2,192.078,163.855,0.07548
writing-resume_bio,2023Q3,192.13,162.512,0.07466
writing-resume_bio,2023Q4,205.124,172.26,0.07659
writing-resume_bio,2024Q1,199.127,165.714,0.08308
writing-resume_bio,2024Q2,202.441,167.354,0.09244
writing-resume_bio,2024Q3,210.241,173.227,0.07404
writing-resume_bio,2024Q4,222.207,181.659,0.08229
