seller	slug	timestamp	url
a	P9	20250817121958	https://www.fiverr.com/a/P9
a	p9	20250817122000	https://www.fiverr.com/a/p9
a12819835	activate-your-official-wechat-and-scan	20250115174151	https://www.fiverr.com/a12819835/activate-your-official-wechat-and-scan
a12819835	activate-your-official-wechat-and-scan	20250118091523	https://www.fiverr.com/a12819835/activate-your-official-wechat-and-scan?utm_campaign=gigs_show&utm_medium=shared&utm_source=copy_link&utm_term=99ygd1j
a12819835	activate-your-official-wechat-and-scan	20250116063710	https://www.fiverr.com/a12819835/activate-your-official-wechat-and-scan?utm_campaign=gigs_show&utm_medium=shared&utm_source=twitter&utm_term=vy8r3yx
a12819835	genshin-impact-zenless-zone-zero-nsfw-character	20250119170951	https://www.fiverr.com/a12819835/genshin-impact-zenless-zone-zero-nsfw-character
a12819835	genshin-impact-zenless-zone-zero-nsfw-character	20250119170949	https://www.fiverr.com/a12819835/genshin-impact-zenless-zone-zero-nsfw-character?utm_campaign=gigs_show&utm_medium=shared&utm_source=copy_link&utm_term=e63brgp
a1_yt_expert	youtube-video-seo-expert-optimization-and-channel-growth-manager	20251223190833	https://www.fiverr.com/a1_yt_expert/youtube-video-seo-expert-optimization-and-channel-growth-manager?afp=&cxd_token=800232_35564810&show_join=true&utm_source=800232&utm_medium=cx_affiliate&utm_campaign=
a1_yt_expert	youtube-video-seo-expert-optimization-and-channel-growth-manager	20260206062149	https://www.fiverr.com/a1_yt_expert/youtube-video-seo-expert-optimization-and-channel-growth-manager?utm_source=800232&utm_medium=cx_affiliate&utm_campaign=&afp=&cxd_token=800232_35564810&show_join=true
a27pardeshi	boost-your-business-with-targeted-lead-generation	20250123161924	https://www.fiverr.com/a27pardeshi/boost-your-business-with-targeted-lead-generation
a2hmad	make-your-custom-minecraft-plugin	20250915192642	https://www.fiverr.com/a2hmad/make-your-custom-minecraft-plugin
a2payema	perform-manual-testing-for-your-application-or-website	20250201124757	https://www.fiverr.com/a2payema/perform-manual-testing-for-your-application-or-website?utm_campaign=gigs_show&utm_medium=shared&utm_source=copy_link&utm_term=pweede
a2zdesign_hub	create-custom-fillable-pdf-form-invoice-proforma-quotation-receipt	20251231174336	https://www.fiverr.com/a2zdesign_hub/create-custom-fillable-pdf-form-invoice-proforma-quotation-receipt
a2zdesign_hub	create-invoice-order-form-fillable-pdf-checklist-worksheet-rate-price-list	20251230113527	https://www.fiverr.com/a2zdesign_hub/create-invoice-order-form-fillable-pdf-checklist-worksheet-rate-price-list
a2zdesign_hub	create-invoice-order-form-fillable-pdf-checklist-worksheet-rate-price-list	20251231185025	https://www.fiverr.com/a2zdesign_hub/create-invoice-order-form-fillable-pdf-checklist-worksheet-rate-price-list?context_referrer=tag_page&source=TagPage&ref_ctx_id=4b40fe5674cb4f85848fe48a3561cb37&pckg_id=1&pos=40&seller_online=true&imp_id=255afbf5-5042-49cc-9c7b-3e6d9bab2bdb
a4illusionist	write-a-solidity-smart-contract-for-you	20250120152208	https://www.fiverr.com/a4illusionist/write-a-solidity-smart-contract-for-you
a4illusionist	write-a-solidity-smart-contract-for-you	20250120152036	https://www.fiverr.com/a4illusionist/write-a-solidity-smart-contract-for-you?utm_source=148970&utm_medium=cx_affiliate&utm_campaign=_bus-y&afp=&cxd_token=148970_39401991&show_join=true&context_referrer=subcategory_listing&source=pagination&ref_ctx_id=f01ee659eb2d4bb2a2fd835631135386&pckg_id=1&pos=12&context_type=rating&funnel=f01ee659eb2d4bb2a2fd835631135386&ref=seller_level:top_rated_seller,level_two_seller,level_one_seller&imp_id=4f0673a4-7246-4a47-94c8-8cc4c1ada2d9
a4illusionist	write-a-solidity-smart-contract-for-you	20250120152207	https://www.fiverr.com/a4illusionist/write-a-solidity-smart-contract-for-you?afp=&cxd_token=148970_39401991&show_join=true&context_referrer=subcategory_listing&source=pagination&ref_ctx_id=f01ee659eb2d4bb2a2fd835631135386&pckg_id=1&pos=12&context_type=rating&funnel=f01ee659eb2d4bb2a2fd835631135386&imp_id=4f0673a4-7246-4a47-94c8-8cc4c1ada2d9
a710f4bd61f620eaa3ce32581b4eaa15-1689605611316	data-entry-2x.png	20250121083912	https://www.fiverr.com/a710f4bd61f620eaa3ce32581b4eaa15-1689605611316/data-entry-2x.png
a710f4bd61f620eaa3ce32581b4eaa15-1689605611316	data-entry-2x.png	20250820213931	https://www.fiverr.com/a710f4bd61f620eaa3ce32581b4eaa15-1689605611316/data-entry-2x.png
a73405678	do-fast-and-accurate-data-entry-with-file-conversion	20250113184110	https://www.fiverr.com/a73405678/do-fast-and-accurate-data-entry-with-file-conversion
a73405678	do-fast-and-accurate-data-entry-with-file-conversion	20250130120927	https://www.fiverr.com/a73405678/do-fast-and-accurate-data-entry-with-file-conversion?utm_campaign=gigs_show&utm_medium=shared&utm_source=copy_link&utm_term=38ypqda
a73405678	do-fast-and-accurate-data-entry-with-file-conversion	20250117182815	https://www.fiverr.com/a73405678/do-fast-and-accurate-data-entry-with-file-conversion?utm_campaign=gigs_show&utm_medium=shared&utm_source=copy_link&utm_term=yvze2ka
a73405678	do-fast-and-accurate-data-entry-with-file-conversion	20250117075624	https://www.fiverr.com/a73405678/do-fast-and-accurate-data-entry-with-file-conversion?utm_campaign=gigs_show&utm_medium=shared&utm_source=twitter&utm_term=e636awp
a73405678	do-fast-and-accurate-data-entry-with-file-conversion	20250118161135	https://www.fiverr.com/a73405678/do-fast-and-accurate-data-entry-with-file-conversion?utm_campaign=gigs_show&utm_medium=shared&utm_source=twitter&utm_term=egbjly9
a73405678	do-fast-and-accurate-data-entry-with-file-conversion	20250121175017	https://www.fiverr.com/a73405678/do-fast-and-accurate-data-entry-with-file-conversion?utm_campaign=gigs_show&utm_medium=shared&utm_source=twitter&utm_term=q7j4p7p
a73405678	do-fast-and-accurate-data-entry-with-file-conversion	20250117183027	https://www.fiverr.com/a73405678/do-fast-and-accurate-data-entry-with-file-conversion?utm_campaign=gigs_show&utm_medium=shared&utm_source=twitter&utm_term=q7jdyp6
a73405678	do-fast-and-accurate-data-entry-with-file-conversion	20250115204738	https://www.fiverr.com/a73405678/do-fast-and-accurate-data-entry-with-file-conversion?utm_campaign=gigs_show&utm_medium=shared&utm_source=twitter&utm_term=xxqglkx
a73405678	do-fast-and-accurate-data-entry-with-file-conversion	20250113212304	https://www.fiverr.com/a73405678/do-fast-and-accurate-data-entry-with-file-conversion?utm_campaign=gigs_show&utm_medium=shared&utm_source=twitter&utm_term=yvp36ra
a795b343a3d8533c3f57f8195e1fac26-1689604654203	logo-design-2x.png	20250121083832	https://www.fiverr.com/a795b343a3d8533c3f57f8195e1fac26-1689604654203/logo-design-2x.png
a795b343a3d8533c3f57f8195e1fac26-1689604654203	logo-design-2x.png	20250820213850	https://www.fiverr.com/a795b343a3d8533c3f57f8195e1fac26-1689604654203/logo-design-2x.png
a7karmy	publish-guest-post-business-guest-post-high-da-guest-post	20260525065525	https://www.fiverr.com/a7karmy/publish-guest-post-business-guest-post-high-da-guest-post?utm_medium=shared&utm_source=copy_link&utm_campaign=gig&utm_term=m6ba0x
a_ghani_ansari	buying	20250829161920	https://www.fiverr.com/a_ghani_ansari/buying?source=avatar_menu_profile
a_kariuki	create-construction-related-content-including-for-reports-blogs-and-websites	20251031135220	https://www.fiverr.com/a_kariuki/create-construction-related-content-including-for-reports-blogs-and-websites?utm_medium=shared&utm_source=copy_link&utm_campaign=gig&utm_term=YRZ0vGN
a_kayum_	do-data-science-data-visualization-and-machine-learning-with-python	20250819040635	https://www.fiverr.com/a_kayum_/do-data-science-data-visualization-and-machine-learning-with-python
a_kayum_	do-data-science-data-visualization-and-machine-learning-with-python	20250819040615	https://www.fiverr.com/a_kayum_/do-data-science-data-visualization-and-machine-learning-with-python?context_referrer=tag_page&source=TagPage&ref_ctx_id=0f37ef7bb2874813bb7833094f4ed650&pckg_id=1&pos=31&imp_id=1eb6c360-4dcf-4225-8b8b-b45611549880
a_kumar07	design-credit-card-master-card-visa-card-or-business-card	20250819035519	https://www.fiverr.com/a_kumar07/design-credit-card-master-card-visa-card-or-business-card
a_kumar07	design-credit-card-master-card-visa-card-or-business-card	20250819035426	https://www.fiverr.com/a_kumar07/design-credit-card-master-card-visa-card-or-business-card?context_referrer=tag_page&source=TagPage&ref_ctx_id=02919413f1724e88911a7654fc4b6170&pckg_id=1&pos=24&imp_id=ba7ae183-3869-40b1-b6d6-9b9414af5fe1
a_kumar07	design-credit-card-master-card-visa-card-or-business-card	20260208212737	https://www.fiverr.com/a_kumar07/design-credit-card-master-card-visa-card-or-business-card?utm_source=Pinterest&utm_term=egxw2y&utm_campaign=gigs_show&utm_medium=organic
a_kumar07	design-credit-card-master-card-visa-card-or-business-card	20251228044607	https://www.fiverr.com/a_kumar07/design-credit-card-master-card-visa-card-or-business-card?utm_campaign=gigs_show&utm_medium=shared&utm_source=copy_link&utm_term=egxw2y
a_kumar07	design-credit-card-master-card-visa-card-or-business-card	20251222005802	https://www.fiverr.com/a_kumar07/design-credit-card-master-card-visa-card-or-business-card?utm_campaign=gigs_show&utm_medium=shared&utm_source=copy_link&utm_term=ldbvmp
a_lefebvre	help-you-invest-your-savings-to-earn-passively-everyday	20250115115146	https://www.fiverr.com/a_lefebvre/help-you-invest-your-savings-to-earn-passively-everyday?utm_medium=shared&utm_source=copy_link&utm_term=r7qgzzv&utm_campaign=gigs_show
a_man66	test-and-review-your-pc-game	20250227182636	https://www.fiverr.com/a_man66/test-and-review-your-pc-game?utm_source=copy_link&utm_term=ayqxap3&utm_campaign=gigs_show_buyers&utm_medium=shared
a_mankhan	complete-website-monthly-off-page-seo-service-via-backlinks	20250104010705	https://www.fiverr.com/a_mankhan/complete-website-monthly-off-page-seo-service-via-backlinks
a_mankhan	complete-website-monthly-off-page-seo-service-via-backlinks	20250103222117	https://www.fiverr.com/a_mankhan/complete-website-monthly-off-page-seo-service-via-backlinks?utm_campaign=gigs_show_buyers&utm_medium=shared&utm_source=copy_link&utm_term=alx7kp
a_minimalstudio	do-flat-minimalist-modern-business-creative-unique-custom-vintage-logo	20251201035123	https://www.fiverr.com/a_minimalstudio/do-flat-minimalist-modern-business-creative-unique-custom-vintage-logo
a_nazo	create-streetwear-design-and-illustration-for-tshirt-traditional-tattoo	20251119230132	https://www.fiverr.com/a_nazo/create-streetwear-design-and-illustration-for-tshirt-traditional-tattoo?show_join=true&utm_source=214562&utm_medium=cx_affiliate&utm_campaign=pinurl&afp=&cxd_token=214562_43622965
a_rawfu	create-or-redesign-a-commercial-real-estate-offering-memorandum-brochure-flyer	20251101102526	https://www.fiverr.com/a_rawfu/create-or-redesign-a-commercial-real-estate-offering-memorandum-brochure-flyer
a_rawfu	Mozilla	20251101102527	https://www.fiverr.com/a_rawfu/Mozilla/5.0%20%28compatible;%20archive.org_bot%20+http://archive.org/details/archive.org_bot%29%20Zeno/2abbcd3%20warc/v0.8.90
a_samadshah	create-amazon-storefront-design-or-amazon-brand-store	20251125043518	https://www.fiverr.com/a_samadshah/create-amazon-storefront-design-or-amazon-brand-store?utm_medium=cx_affiliate&utm_campaign=_bus-y&afp=&cxd_token=1089654_43720706&show_join=true&utm_source=1089654
a_samadshah	create-premium-amazon-enhanced-brand-content	20250115205228	https://www.fiverr.com/a_samadshah/create-premium-amazon-enhanced-brand-content
a_samadshah	create-premium-amazon-enhanced-brand-content	20250115165229	https://www.fiverr.com/a_samadshah/create-premium-amazon-enhanced-brand-content?utm_source=962564&utm_medium=cx_affiliate&utm_campaign=_bus-y&afp=&cxd_token=962564_39334570&show_join=true&context_referrer=subcategory_listing&source=drop_down_filters&ref_ctx_id=775a2343cf854d139ebc437de07de696&pckg_id=1&pos=20&context_type=rating&funnel=775a2343cf854d139ebc437de07de696&ref=seller_level:top_rated_seller%7Cprice_buckets:2&seller_online=true&imp_id=36ecb2ea-bd46-45a7-8bf9-c6897d31aff1
a_samadshah	create-premium-amazon-enhanced-brand-content	20250115170441	https://www.fiverr.com/a_samadshah/create-premium-amazon-enhanced-brand-content?afp=&cxd_token=962564_39334570&show_join=true&context_referrer=subcategory_listing&source=drop_down_filters&ref_ctx_id=775a2343cf854d139ebc437de07de696&pckg_id=1&pos=20&context_type=rating&funnel=775a2343cf854d139ebc437de07de696&seller_online=true&imp_id=36ecb2ea-bd46-45a7-8bf9-c6897d31aff1
a_saya	write-a-backstory-for-your-tabletop-rpg-character&quot;	20260225110827	https://www.fiverr.com/a_saya/write-a-backstory-for-your-tabletop-rpg-character&quot;
a_slanq	ghostwrite-short-stories-based-on-your-plan-and-vision	20250116025805	https://www.fiverr.com/a_slanq/ghostwrite-short-stories-based-on-your-plan-and-vision
a_slanq	ghostwrite-short-stories-based-on-your-plan-and-vision	20250116102109	https://www.fiverr.com/a_slanq/ghostwrite-short-stories-based-on-your-plan-and-vision
a_w_ruhi	be-your-fb-ads-campaign-fb-meta-and-instagram-ads-manager	20250513013946	https://www.fiverr.com/a_w_ruhi/be-your-fb-ads-campaign-fb-meta-and-instagram-ads-manager
a_w_ruhi	be-your-fb-ads-campaign-fb-meta-and-instagram-ads-manager	20250512232149	http://www.fiverr.com/a_w_ruhi/be-your-fb-ads-campaign-fb-meta-and-instagram-ads-manager?utm_medium=shared&utm_source=copy_link&utm_campaign=base_gig_create_share&utm_term=WEQ889Q&view=gig&gig_id=410755340
a_w_ruhi	be-your-fb-ads-campaign-fb-meta-and-instagram-ads-manager	20250513032017	https://www.fiverr.com/a_w_ruhi/be-your-fb-ads-campaign-fb-meta-and-instagram-ads-manager?utm_medium=shared&utm_source=copy_link&utm_campaign=base_gig_create_share&utm_term=WEQ889Q&view=gig&gig_id=410755340
a_w_ruhi	be-your-fb-ads-campaign-fb-meta-and-instagram-ads-manager	20250513011113	https://www.fiverr.com/a_w_ruhi/be-your-fb-ads-campaign-fb-meta-and-instagram-ads-manager?view=gig&gig_id=410755340
a_wilsonhannah	give-life-to-your-fictional-story-or-world	20250116211153	https://www.fiverr.com/a_wilsonhannah/give-life-to-your-fictional-story-or-world?utm_source=copy_link&utm_campaign=gig&utm_term=kd31Rb&utm_medium=shared
aaa625	do-guest-post-cbd-vaping-home-niche-da60	20251220153705	https://www.fiverr.com/aaa625/do-guest-post-cbd-vaping-home-niche-da60
aaaplans	draw-your-stairs-with-technical-plans	20250818153626	https://www.fiverr.com/aaaplans/draw-your-stairs-with-technical-plans
aabdulsattar	provide-amazon-to-ebay-dropshipping-service-for-profitable-sales	20251014122156	https://www.fiverr.com/aabdulsattar/provide-amazon-to-ebay-dropshipping-service-for-profitable-sales?utm_medium=shared&utm_source=copy_link&utm_campaign=gig&utm_term=Q715jqj
aabiazrahman	draw-watercolor-painting-or-digital-art-from-your-any-photo	20250818212939	https://www.fiverr.com/aabiazrahman/draw-watercolor-painting-or-digital-art-from-your-any-photo?context_referrer=seller_page&ref_ctx_id=e54d9af363014c15a19c70643be47cc5&pckg_id=1&pos=3&imp_id=f980b539-623a-449d-a660-b9ed6423b015
aabiazrahman	draw-watercolor-painting-style-portrait-illustration-based-any-photo	20250813145443	https://fiverr.com/aabiazrahman/draw-watercolor-painting-style-portrait-illustration-based-any-photo?context_referrer=seller_page&ref_ctx_id=6ef5a15cad754b50b9ae84712c98ebd3&pckg_id=1&pos=1&imp_id=0e8e18e2-5526-43e1-baec-877a56cb89cb
aabiazrahman	draw-watercolor-painting-style-portrait-illustration-based-any-photo	20250928053250	https://www.fiverr.com/aabiazrahman/draw-watercolor-painting-style-portrait-illustration-based-any-photo?context_referrer=seller_page&ref_ctx_id=19e05fec64c248ec80cedc1f4041bbd6&pckg_id=1&pos=1&imp_id=88da2a99-abce-46df-b73b-fee5e31bf3e0
aabir3	do-professional-vehicle-car-truck-or-van-wrap-designs	20251201161911	https://www.fiverr.com/aabir3/do-professional-vehicle-car-truck-or-van-wrap-designs?utm_source=195204&utm_medium=cx_affiliate&utm_campaign=&afp=&cxd_token=195204_31340992&show_join=true
aacatgames	create-a-cool-oscilloscope-sounds	20250705014630	https://www.fiverr.com/aacatgames/create-a-cool-oscilloscope-sounds
aadi09	do-any-graphic-design-work	20250127094401	https://www.fiverr.com/aadi09/do-any-graphic-design-work
aadi09	do-any-graphic-design-work	20250127094341	https://www.fiverr.com/aadi09/do-any-graphic-design-work?utm_campaign=gigs_show&utm_medium=shared&utm_source=copy_link&utm_term=o8pyzog
aadi352	convert-pdf-excel-statements-to-csv-for-qbo-bookkeeping	20250510122531	https://www.fiverr.com/aadi352/convert-pdf-excel-statements-to-csv-for-qbo-bookkeeping
aadi352	convert-pdf-excel-statements-to-csv-for-qbo-bookkeeping	20250510141524	https://www.fiverr.com/aadi352/convert-pdf-excel-statements-to-csv-for-qbo-bookkeeping?context_referrer=seller_page&ref_ctx_id=a660b9b0f2274c918c00ce42ee8802f7&pckg_id=1&pos=1&imp_id=afc92985-53d0-4057-9002-d0f2dfc8e05c
aadi352	convert-pdf-excel-statements-to-csv-for-qbo-bookkeeping	20250510134929	https://www.fiverr.com/aadi352/convert-pdf-excel-statements-to-csv-for-qbo-bookkeeping?context_referrer=tag_page&source=TagPage&ref_ctx_id=afb9dbea84054fe8907440ac8ec8ccee&pckg_id=1&pos=38&imp_id=d33a690c-40c1-4852-9295-111f91a55e6f
aadil_chan	do-linkedin-profile-creation-optimization-profile-writing	20251104062403	https://www.fiverr.com/aadil_chan/do-linkedin-profile-creation-optimization-profile-writing?pos=1&ref_ctx_id=9da3ab52608a46c3a3e213c2bf63e4e3&imp_id=4071298d-7f4b-4700-a0f0-bed2959f1894&funnel=9da3ab52608a46c3a3e213c2bf63e4e3&seller_online=true&context_referrer=subcategory_listing&pckg_id=1&context_type=rating&source=category_tree
aadil_chan	do-linkedin-profile-creation-optimization-profile-writing	20250227183013	https://www.fiverr.com/aadil_chan/do-linkedin-profile-creation-optimization-profile-writing?utm_term=wed56b7&utm_campaign=gigs_show_buyers&utm_medium=shared&utm_source=copy_link
aadilali1	awesome-social-media-video-with-animations	20250725085740	https://www.fiverr.com/aadilali1/awesome-social-media-video-with-animations?utm_term=dbkwz37&utm_campaign=gigs_show_buyers&utm_medium=shared&utm_source=copy_link
aadityaashekhar	craft-aesthetic-digital-vision-boards-to-visualize-and-achieve-your-dreams	20250201144414	https://www.fiverr.com/aadityaashekhar/craft-aesthetic-digital-vision-boards-to-visualize-and-achieve-your-dreams?utm_campaign=gigs_show_buyers&utm_medium=shared&utm_source=copy_link&utm_term=p264vbg
aadityaashekhar	design-a-personalised-notion-template-to-boost-productivity	20250121140405	https://www.fiverr.com/aadityaashekhar/design-a-personalised-notion-template-to-boost-productivity?utm_medium=shared&utm_source=copy_link&utm_campaign=gig&utm_term=NN6QYLa
aadityaashekhar	design-a-personalised-notion-template-to-boost-productivity	20250514075121	https://www.fiverr.com/aadityaashekhar/design-a-personalised-notion-template-to-boost-productivity?utm_medium=shared&utm_source=copy_link&utm_campaign=gig&utm_term=WEjWyjR
aaecc1	create-a-frontend-menu-for-ragemp-or-fivem	20250124112353	https://www.fiverr.com/aaecc1/create-a-frontend-menu-for-ragemp-or-fivem
aaftaab778	give-a-complete-contact-list-of-amazon-web-service-users	20250426184252	https://www.fiverr.com/aaftaab778/give-a-complete-contact-list-of-amazon-web-service-users
aaftaab778	give-a-complete-contact-list-of-amazon-web-service-users	20250426183929	https://www.fiverr.com/aaftaab778/give-a-complete-contact-list-of-amazon-web-service-users?gig_id=112158080&utm_campaign=base_gig_show_share_1&utm_content=&utm_medium=shared&utm_source=twitter&utm_term=&view=gig&shrtyv=3
aaftaab778	give-a-complete-contact-list-of-amazon-web-service-users	20250426184010	https://www.fiverr.com/aaftaab778/give-a-complete-contact-list-of-amazon-web-service-users?gig_id=112158080&utm_campaign=seller_share_existing&utm_content=&utm_medium=shared&utm_source=twitter&utm_term=&view=gig&shrtyv=3
aaftaab778	give-a-complete-contact-list-of-amazon-web-service-users	20250426183930	https://www.fiverr.com/aaftaab778/give-a-complete-contact-list-of-amazon-web-service-users?gig_id=112158080&view=gig&shrtyv=3
aaftabi	design-logo-for-life-coach-health-coach-fitness-coach	20260129140929	https://www.fiverr.com/aaftabi/design-logo-for-life-coach-health-coach-fitness-coach?utm_source=214562&utm_medium=cx_affiliate&utm_campaign=pinurl&afp=&cxd_token=214562_38428312&show_join=true
aaftabi	design-logo-for-life-coach-health-coach-fitness-coach	20251028211742	https://www.fiverr.com/aaftabi/design-logo-for-life-coach-health-coach-fitness-coach?utm_source=214562&utm_medium=cx_affiliate&utm_campaign=pinurl&afp=&cxd_token=214562_43348045&show_join=true
aahalamin	be-your-lead-generation-expert-for-dubai-uae	20250427213307	https://www.fiverr.com/aahalamin/be-your-lead-generation-expert-for-dubai-uae
aahalamin	be-your-lead-generation-expert-for-dubai-uae	20250427084210	https://www.fiverr.com/aahalamin/be-your-lead-generation-expert-for-dubai-uae?utm_campaign=gigs_show&utm_medium=shared&utm_source=twitter&utm_term=o8jrbq8
aahalamin	provide-ready-leads-of-fitness-academy-owners-or-manager-in-uae	20250427083906	https://www.fiverr.com/aahalamin/provide-ready-leads-of-fitness-academy-owners-or-manager-in-uae
aahalamin	provide-ready-leads-of-fitness-academy-owners-or-manager-in-uae	20250429000108	https://www.fiverr.com/aahalamin/provide-ready-leads-of-fitness-academy-owners-or-manager-in-uae?utm_campaign=gigs_show&utm_medium=shared&utm_source=twitter&utm_term=5r14ygz
aahbennett66	proofread-and-edit-your-fiction	20250513230745	https://www.fiverr.com/aahbennett66/proofread-and-edit-your-fiction
aahbennett66	proofread-and-edit-your-fiction	20250514052642	https://www.fiverr.com/aahbennett66/proofread-and-edit-your-fiction?utm_campaign=gigs_show&utm_medium=shared&utm_source=copy_link&utm_term=8zpbq1g
aahbennett66	proofread-and-edit-your-fiction	20250513234408	https://www.fiverr.com/aahbennett66/proofread-and-edit-your-fiction?utm_campaign=gigs_show&utm_medium=shared&utm_source=copy_link&utm_term=nn2k3ga
aahilhasan678	create-all-social-media-accounts-setup-and-optimize-business-fan-pages	20250904083345	https://www.fiverr.com/aahilhasan678/create-all-social-media-accounts-setup-and-optimize-business-fan-pages?utm_campaign=gigs_show&utm_medium=shared&utm_source=twitter&utm_term=jjrxyq9
aahmmad	create-redesign-or-customize-wix-website	20260205092147	https://www.fiverr.com/aahmmad/create-redesign-or-customize-wix-website?utm_campaign=gigs_show_buyers&utm_medium=shared&utm_source=copy_link&utm_term=qdqokop
aakashcad	make-industry-standard-2d-3d-cad-drawing-in-autocad	20251122180447	https://www.fiverr.com/aakashcad/make-industry-standard-2d-3d-cad-drawing-in-autocad
aakashjalvi	do-360-degree-photo-realistic-animation-of-your-jewelry&quot;	20251119092527	https://www.fiverr.com/aakashjalvi/do-360-degree-photo-realistic-animation-of-your-jewelry&quot;
aakif2015	turn-any-pdf-or-image-into-flipbook-animation	20260127163417	https://www.fiverr.com/aakif2015/turn-any-pdf-or-image-into-flipbook-animation?context_referrer=search_gigs_with_recommendations_row_1&ref_ctx_id=44e4708e7134477697346198a0a10eb2&pckg_id=1&pos=7&context_type=auto&funnel=44e4708e7134477697346198a0a10eb2&imp_id=855f952c-2bb6-4e55-a24e-d30caa2a351d
